Name,Url,Location
ABA Enhancement - IE Clinic,https://www.bhcoe.org/aba-therapy/aba-enhancement-riverside-california-92507/,"Riverside, California"
ABA Enhancement - OC Clinic,https://www.bhcoe.org/aba-therapy/aba-enhancement-fountain-valley-california-92708/,"Fountain Valley, California"
ABA Enhancement - TX Clinic,https://www.bhcoe.org/aba-therapy/aba-enhancement-fort-worth-texas-76137/,"Fort Worth, Texas"
ABA Experts Florida,https://www.bhcoe.org/aba-therapy/aba-experts-new-port-richey-florida-34652/,"New Port Richey, Florida"
ABA Insight - Ann Arbor,https://www.bhcoe.org/aba-therapy/aba-insight-ann-arbor-michigan-48103/,"Ann Arbor, Michigan"
ABA Insight - Lansing,https://www.bhcoe.org/aba-therapy/aba-insight-lansing-michigan-48911/,"Lansing, Michigan"
ABA Insight - Monroe,https://www.bhcoe.org/aba-therapy/aba-insight-monroe-michigan-48161/,"Monroe, Michigan"
ABA Insight - Ypsilanti,https://www.bhcoe.org/aba-therapy/aba-insight-ypsilanti-michigan-48197/,"Ypsilanti, Michigan"
"ABA Kids Connection, Inc",https://www.bhcoe.org/aba-therapy/aba-kids-connection-inc-orlando-florida-32809/,"Orlando, Florida"
"ABA Kids Connection, Inc",https://www.bhcoe.org/aba-therapy/aba-kids-connection-inc-tampa-florida-33618/,"Tampa, Florida"
ABA Logic,https://www.bhcoe.org/aba-therapy/aba-logic-plymouth-massachusetts-2360/,"Plymouth, Massachusetts"
"ABA Solutions, Inc.",https://www.bhcoe.org/aba-therapy/aba-solutions-largo-florida-33773/,"Largo, Florida"
ABA Solutions - Bradenton Clinic,https://www.bhcoe.org/aba-therapy/aba-solutions-bradenton-florida-34207/,"Bradenton, Florida"
ABA Solutions - New Jersey,https://www.bhcoe.org/aba-therapy/aba-solutions-fanwood-new-jersey-07023/,"Fanwood, New Jersey"
ABA Solutions - Pinellas Clinic,https://www.bhcoe.org/aba-therapy/aba-solutions-clearwater-florida-33762/,"Clearwater, Florida"
ABA Solutions - Tampa Clinic,https://www.bhcoe.org/aba-therapy/aba-solutions-tampa-florida-33604/,"Tampa, Florida"
ABA Success Georgia,https://www.bhcoe.org/aba-therapy/aba-success-acworth-georgia-30101/,"Acworth, Georgia"
ABC Behavior Therapy - Tennessee,https://www.bhcoe.org/aba-therapy/abc-behavior-therapy-cordova-tennessee-38018/,"Cordova, Tennessee"
ABLE Home Health Care,https://www.bhcoe.org/aba-therapy/able-home-health-care-westport-connecticut-6880/,"Westport, Connecticut"
ABLE Home Health Care,https://www.bhcoe.org/aba-therapy/able-home-health-care-boston-massachusetts-2114/,"Boston, Massachusetts"
Autism & Behavior Services,https://www.bhcoe.org/aba-therapy/abs-llc-dba-autism-behavior-svcs-chattanooga-tennessee-37421/,"Chattanooga, Tennessee"
ABS Kids,https://www.bhcoe.org/aba-therapy/abs-kids-ventura-california-93003/,"Ventura, California"
ABS Kids,https://www.bhcoe.org/aba-therapy/abs-kids-concord-north-carolina-28025/,"Concord, North Carolina"
ABS Kids,https://www.bhcoe.org/aba-therapy/abs-kids-san-diego-california-92108/,"San Diego, California"
ABS Kids,https://www.bhcoe.org/aba-therapy/abs-kids-salt-lake-city-utah-84129-2/,"Salt Lake City, Utah"
ABS Kids,https://www.bhcoe.org/aba-therapy/abs-kids-greensboro-north-carolina-27410/,"Greensboro, North Carolina"
ABS Kids,https://www.bhcoe.org/aba-therapy/abs-kids-gastonia-north-carolina-28054/,"Gastonia, North Carolina"
ABS Kids,https://www.bhcoe.org/aba-therapy/abs-kids-charlotte-north-carolina-28211/,"Charlotte, North Carolina"
ABS Kids,https://www.bhcoe.org/aba-therapy/abs-kids-wildomar-california-92595/,"Wildomar, California"
ABS Kids - California,https://www.bhcoe.org/aba-therapy/abs-kids-rancho-cucamonga-california-91730/,"Rancho Cucamonga, California"
ABS Kids - Utah,https://www.bhcoe.org/aba-therapy/abs-kids-salt-lake-city-utah-84129/,"Salt Lake City, Utah"
Abundant Life Family Services Pennsylvania,https://www.bhcoe.org/aba-therapy/abundant-life-family-services-bala-cynwyd-pennsylvania-19004/,"Bala Cynwyd, Pennsylvania"
"Acorn Health - Alexandria, VA Landmark",https://www.bhcoe.org/aba-therapy/acorn-health-alexandria-virginia-22312/,"Alexandria, Virginia"
"Acorn Health - Allegan, MI",https://www.bhcoe.org/aba-therapy/acorn-health-allegan-michigan-49010/,"Allegan, Michigan"
"Acorn Health - Allentown, PA",https://www.bhcoe.org/aba-therapy/acorn-health-allentown-pennsylvania-18106/,"Allentown, Pennsylvania"
"Acorn Health - Alpena, MI",https://www.bhcoe.org/aba-therapy/acorn-health-alpena-michigan-49707/,"Alpena, Michigan"
"Acorn Health - Altamonte Springs, FL",https://www.bhcoe.org/aba-therapy/acorn-health-altamonte-springs-florida-32701/,"Altamonte Springs, Florida"
"Acorn Health - Annapolis, MD",https://www.bhcoe.org/aba-therapy/acorn-health-annapolis-maryland-21401/,"Annapolis, Maryland"
"Acorn Health - Ashburn, VA",https://www.bhcoe.org/aba-therapy/acorn-health-ashburn-virginia-20147/,"Ashburn, Virginia"
"Acorn Health - Broomall, PA",https://www.bhcoe.org/aba-therapy/acorn-health-broomall-pennsylvania-19008/,"Broomall, Pennsylvania"
"Acorn Health - Cadillac, MI",https://www.bhcoe.org/aba-therapy/acorn-health-cadillac-michigan-49601/,"Cadillac, Michigan"
"Acorn Health - Championsgate, FL",https://www.bhcoe.org/aba-therapy/acorn-health-championsgate-florida-33896/,"Championsgate, Florida"
"Acorn Health - Chantilly, VA",https://www.bhcoe.org/aba-therapy/acorn-health-chantilly-virginia-20151/,"Chantilly, Virginia"
"Acorn Health - Charlottesville, VA",https://www.bhcoe.org/aba-therapy/acorn-health-charlottesville-virginia-22901/,"Charlottesville, Virginia"
"Acorn Health - Chattanooga, TN",https://www.bhcoe.org/aba-therapy/acorn-health-chattanooga-tennessee-37421/,"Chattanooga, Tennessee"
"Acorn Health - Clarkston, MI",https://www.bhcoe.org/aba-therapy/acorn-health-independence-township-mi-michigan-48346/,"Independence Township, MI, Michigan"
"Acorn Health - Clarksville, TN",https://www.bhcoe.org/aba-therapy/acorn-health-clarksville-tennessee-37042/,"Clarksville, Tennessee"
"Acorn Health - Cleveland, TN",https://www.bhcoe.org/aba-therapy/acorn-health-cleveland-tennessee-37312/,"Cleveland, Tennessee"
"Acorn Health - Clinton Township, MI",https://www.bhcoe.org/aba-therapy/acorn-health-clinton-township-michigan-48038/,"Clinton Township, Michigan"
"Acorn Health - Coldwater, MI",https://www.bhcoe.org/aba-therapy/acorn-health-coldwater-michigan-49036/,"Coldwater, Michigan"
"Acorn Health - Columbia, MD",https://www.bhcoe.org/aba-therapy/acorn-health-columbia-maryland-21046/,"Columbia, Maryland"
"Acorn Health - Cookeville, TN",https://www.bhcoe.org/aba-therapy/acorn-health-cookeville-tennessee-38501/,"Cookeville, Tennessee"
"Acorn Health - Coral Gables, FL",https://www.bhcoe.org/aba-therapy/acorn-health-coral-gables-florida-33134/,"Coral Gables, Florida"
"Acorn Health - Crofton, MD",https://www.bhcoe.org/aba-therapy/acorn-health-crofton-maryland-21114/,"Crofton, Maryland"
"Acorn Health - East Orange, FL",https://www.bhcoe.org/aba-therapy/acorn-health-orlando-florida-32826/,"Orlando, Florida"
"Acorn Health - Edwardsville, IL",https://www.bhcoe.org/aba-therapy/acorn-health-edwardsville-illinois-62025/,"Edwardsville, Illinois"
"Acorn Health - Fairmount, PA",https://www.bhcoe.org/aba-therapy/acorn-health-philadelphia-pennsylvania-19130/,"Philadelphia, Pennsylvania"
"Acorn Health - Franklin, TN",https://www.bhcoe.org/aba-therapy/acorn-health-franklin-tennessee-37067/,"Franklin, Tennessee"
"Acorn Health - Frederick, MD",https://www.bhcoe.org/aba-therapy/acorn-health-frederick-maryland-21701/,"Frederick, Maryland"
"Acorn Health - Gaylord, MI",https://www.bhcoe.org/aba-therapy/acorn-health-gaylord-michigan-49735/,"Gaylord, Michigan"
"Acorn Health - Germantown, MD",https://www.bhcoe.org/aba-therapy/acorn-health-germantown-maryland-20874/,"Germantown, Maryland"
"Acorn Health - Grand Rapids 36th St., MI",https://www.bhcoe.org/aba-therapy/acorn-health-grand-rapids-michigan-49548/,"Grand Rapids, Michigan"
"Acorn Health - Grand Rapids East Paris, MI",https://www.bhcoe.org/aba-therapy/acorn-health-grand-rapids-michigan-49546/,"Grand Rapids, Michigan"
"Acorn Health - Grand Rapids Kentwood, MI",https://www.bhcoe.org/aba-therapy/acorn-health-kentwood-michigan-49508/,"Kentwood, Michigan"
"Acorn Health - Grandville, MI",https://www.bhcoe.org/aba-therapy/acorn-health-grandville-michigan-49418/,"Grandville, Michigan"
"Acorn Health - Hendersonville, TN",https://www.bhcoe.org/aba-therapy/acorn-health-hendersonville-tennessee-37075/,"Hendersonville, Tennessee"
"Acorn Health - Henrico, VA",https://www.bhcoe.org/aba-therapy/acorn-health-henrico-virginia-23294/,"Henrico, Virginia"
"Acorn Health - Jerseyville, IL",https://www.bhcoe.org/aba-therapy/acorn-health-jerseyville-illinois-62052/,"Jerseyville, Illinois"
"Acorn Health - Kalamazoo, MI",https://www.bhcoe.org/aba-therapy/acorn-health-kalamazoo-michigan-49009/,"Kalamazoo, Michigan"
"Acorn Health - Kissimmee, FL",https://www.bhcoe.org/aba-therapy/acorn-health-kissimmee-florida-34741/,"Kissimmee, Florida"
"Acorn Health - Knoxville, TN",https://www.bhcoe.org/aba-therapy/acorn-health-knoxville-tennessee-37919/,"Knoxville, Tennessee"
"Acorn Health - Lakeland, FL",https://www.bhcoe.org/aba-therapy/acorn-health-lakeland-florida-33803/,"Lakeland, Florida"
"Acorn Health - Lake Mary, Fl",https://www.bhcoe.org/aba-therapy/acorn-health-lake-mary-florida-32746/,"Lake Mary, Florida"
"Acorn Health - Langhorne, PA",https://www.bhcoe.org/aba-therapy/acorn-health-langhorne-pennsylvania-19047/,"Langhorne, Pennsylvania"
"Acorn Health - Lanham, MD",https://www.bhcoe.org/aba-therapy/acorn-health-lanham-maryland-20706/,"Lanham, Maryland"
"Acorn Health - Lansing, MI",https://www.bhcoe.org/aba-therapy/acorn-health-okemos-michigan-48864/,"Okemos, Michigan"
"Acorn Health - Livonia, MI",https://www.bhcoe.org/aba-therapy/acorn-health-livonia-michigan-48150/,"Livonia, Michigan"
"Acorn Health - Longwood, FL",https://www.bhcoe.org/aba-therapy/acorn-health-longwood-florida-32750/,"Longwood, Florida"
"Acorn Health - Lorton, VA",https://www.bhcoe.org/aba-therapy/acorn-health-lorton-virginia-22079/,"Lorton, Virginia"
"Acorn Health - Mechanicsville, VA",https://www.bhcoe.org/aba-therapy/acorn-health-mechanicsville-virginia-23111/,"Mechanicsville, Virginia"
"Acorn Health - Midlothian, VA",https://www.bhcoe.org/aba-therapy/acorn-health-midlothian-virginia-23112/,"Midlothian, Virginia"
"Acorn Health - Miramar, FL",https://www.bhcoe.org/aba-therapy/acorn-health-miramar-florida-33025/,"Miramar, Florida"
"Acorn Health - Murfreesboro, TN",https://www.bhcoe.org/aba-therapy/acorn-health-murfreesboro-tennessee-37128/,"Murfreesboro, Tennessee"
"Acorn Health - Nashville, TN",https://www.bhcoe.org/aba-therapy/acorn-health-nashville-tennessee-37211/,"Nashville, Tennessee"
"Acorn Health - North Baltimore, MD",https://www.bhcoe.org/aba-therapy/acorn-health-baltimore-maryland-21209/,"Baltimore, Maryland"
"Acorn Health - Odenton, MD",https://www.bhcoe.org/aba-therapy/acorn-health-odenton-maryland-21113/,"Odenton, Maryland"
"Acorn Health - Orlando, FL",https://www.bhcoe.org/aba-therapy/acorn-health-orlando-florida-32807/,"Orlando, Florida"
"Acorn Health - Orlando, FL Downtown",https://www.bhcoe.org/aba-therapy/acorn-health-orlando-florida-32805/,"Orlando, Florida"
"Acorn Health - Ostego, MI",https://www.bhcoe.org/aba-therapy/acorn-health-otsego-michigan-49078/,"Otsego, Michigan"
"Acorn Health - Owings Mills, MD",https://www.bhcoe.org/aba-therapy/acorn-health-owings-mills-maryland-21117/,"Owings Mills, Maryland"
"Acorn Health - Plymouth, MI",https://www.bhcoe.org/aba-therapy/acorn-health-ann-arbor-to-livonia-mi-michigan-48170/,"Ann Arbor to Livonia MI, Michigan"
"Acorn Health - Riverview, FL",https://www.bhcoe.org/aba-therapy/acorn-health-riverview-florida-33578/,"Riverview, Florida"
"Acorn Health - Rockford, MI",https://www.bhcoe.org/aba-therapy/acorn-health-rockford-michigan-49341/,"Rockford, Michigan"
"Acorn Health - Saginaw, MI",https://www.bhcoe.org/aba-therapy/acorn-health-saginaw-michigan-48604/,"Saginaw, Michigan"
"Acorn Health - Salem, VA",https://www.bhcoe.org/aba-therapy/acorn-health-salem-virginia-24153/,"Salem, Virginia"
"Acorn Health - Scott Air Force Base, IL",https://www.bhcoe.org/aba-therapy/acorn-health-ofallon-illinois-62269/,"OFallon, Illinois"
"Acorn Health - Severna Park, MD",https://www.bhcoe.org/aba-therapy/acorn-health-severna-park-maryland-21146/,"Severna Park, Maryland"
"Acorn Health - Silver Spring, MD",https://www.bhcoe.org/aba-therapy/acorn-health-silver-spring-maryland-20904/,"Silver Spring, Maryland"
Acorn Health - South FL,https://www.bhcoe.org/aba-therapy/acorn-health-ft-lauderdale-to-northern-keys-florida-33301/,"Ft. Lauderdale to Northern Keys, Florida"
Acorn Health - St. Johns FL,https://www.bhcoe.org/aba-therapy/acorn-health-st-johns-florida-32259/,"St. Johns, Florida"
"Acorn Health - Stafford, VA",https://www.bhcoe.org/aba-therapy/acorn-health-stafford-virginia-22554/,"Stafford, Virginia"
"Acorn Health - Tampa, FL",https://www.bhcoe.org/aba-therapy/acorn-health-tampa-florida-33624/,"Tampa, Florida"
"Acorn Health - Tawas, MI",https://www.bhcoe.org/aba-therapy/acorn-health-east-tawas-michigan-48730/,"East Tawas, Michigan"
"Acorn Health - Traverse City, MI",https://www.bhcoe.org/aba-therapy/acorn-health-traverse-city-michigan-49686/,"Traverse City, Michigan"
"Acorn Health - Upper Marlboro, MD",https://www.bhcoe.org/aba-therapy/acorn-health-upper-marlboro-maryland-20772/,"Upper Marlboro, Maryland"
"Acorn Health - Virginia Beach, VA",https://www.bhcoe.org/aba-therapy/acorn-health-virginia-beach-virginia-23452/,"Virginia Beach, Virginia"
"Acorn Health - West Bloomfield, MI",https://www.bhcoe.org/aba-therapy/acorn-health-west-bloomfield-township-michigan-48322/,"West Bloomfield Township, Michigan"
"Acorn Health - Winchester, VA",https://www.bhcoe.org/aba-therapy/acorn-health-winchester-virginia-22602/,"Winchester, Virginia"
"Acorn Health - Winter Garden, FL",https://www.bhcoe.org/aba-therapy/acorn-health-winter-garden-florida-34787/,"Winter Garden, Florida"
"Acorn Health - Wytheville, VA",https://www.bhcoe.org/aba-therapy/acorn-health-wytheville-virginia-24382/,"Wytheville, Virginia"
Action Behavior Centers,https://www.bhcoe.org/aba-therapy/action-behavior-centers-scottsdale-arizona-85254-2/,"Scottsdale, Arizona"
Action Behavior Centers (ABC) - Texas,https://www.bhcoe.org/aba-therapy/action-behavior-centers-austin-texas-78758/,"Austin, Texas"
Action Behavior Centers Ahwatukee - Phoenix,https://www.bhcoe.org/aba-therapy/action-behavior-centers-phoenix-arizona-85044-2/,"Phoenix, Arizona"
Action Behavior Centers Ahwatukee - Phoenix,https://www.bhcoe.org/aba-therapy/action-behavior-centers-phoenix-arizona-85044/,"Phoenix, Arizona"
Action Behavior Centers Alamo Ranch - San Antonio,https://www.bhcoe.org/aba-therapy/action-behavior-centers-san-antonio-texas-78253/,"San Antonio, Texas"
Action Behavior Centers Allen - DFW,https://www.bhcoe.org/aba-therapy/action-behavior-centers-allen-texas-75013-2/,"Allen, Texas"
Action Behavior Centers Allen Expansion - DFW,https://www.bhcoe.org/aba-therapy/action-behavior-centers-allen-texas-75013-3/,"Allen, Texas"
Action Behavior Centers Apex - Triangle,https://www.bhcoe.org/aba-therapy/action-behavior-centers-apex-north-carolina-27502/,"Apex, North Carolina"
Action Behavior Centers Arrowhead Ranch - Phoenix,https://www.bhcoe.org/aba-therapy/action-behavior-centers-glendale-arizona-85308/,"Glendale, Arizona"
Action Behavior Centers Arrowhead Ranch 2.0 - Phoenix,https://www.bhcoe.org/aba-therapy/action-behavior-centers-glendale-arizona-85308-2/,"Glendale, Arizona"
Action Behavior Centers Arrowhead Ranch Expansion - Phoenix,https://www.bhcoe.org/aba-therapy/action-behavior-centers-glendale-arizona-85308-3/,"Glendale, Arizona"
Action Behavior Centers Atascocita - Houston,https://www.bhcoe.org/aba-therapy/action-behavior-centers-humble-texas-77346/,"Humble, Texas"
Action Behavior Centers Atascocita Expansion Houston,https://www.bhcoe.org/aba-therapy/action-behavior-centers-humble-texas-77346-2/,"Humble, Texas"
Action Behavior Centers Aurora South - Denver,https://www.bhcoe.org/aba-therapy/action-behavior-centers-aurora-colorado-80013/,"Aurora, Colorado"
Action Behavior Centers Austin at Home - Austin,https://www.bhcoe.org/aba-therapy/action-behavior-centers-austin-texas-78749/,"Austin, Texas"
Action Behavior Centers Avondale - DFW,https://www.bhcoe.org/aba-therapy/action-behavior-centers-fort-worth-texas-76131/,"Fort Worth, Texas"
Action Behavior Centers Barker Cypress - Houston,https://www.bhcoe.org/aba-therapy/action-behavior-centers-cypress-texas-77433-2/,"Cypress, Texas"
Action Behavior Centers Beckwith - Houston,https://www.bhcoe.org/aba-therapy/action-behavior-centers-san-antonio-texas-78249-3/,"San Antonio, Texas"
Action Behavior Centers Beckwith - San Antonio,https://www.bhcoe.org/aba-therapy/action-behavior-centers-san-antonio-texas-78249-4/,"San Antonio, Texas"
Action Behavior Centers Bee Cave - Austin,https://www.bhcoe.org/aba-therapy/action-behavior-centers-bee-cave-texas-78738/,"Bee Cave, Texas"
Action Behavior Centers Bellaire - Houston,https://www.bhcoe.org/aba-therapy/action-behavior-centers-houston-texas-77081/,"Houston, Texas"
Action Behavior Centers Benbrook - DFW,https://www.bhcoe.org/aba-therapy/action-behavior-centers-benbrook-texas-76132/,"Benbrook, Texas"
Action Behavior Centers Benbrook Expansion - DFW,https://www.bhcoe.org/aba-therapy/action-behavior-centers-fort-worth-texas-76109-2/,"Fort Worth, Texas"
Action Behavior Centers Benbrook Hulen - DFW,https://www.bhcoe.org/aba-therapy/action-behavior-centers-fort-worth-texas-76109/,"Fort Worth, Texas"
Action Behavior Centers Big Country / West SA - San Antonio,https://www.bhcoe.org/aba-therapy/action-behavior-centers-san-antonio-texas-78245/,"San Antonio, Texas"
Action Behavior Centers Brighton - Denver,https://www.bhcoe.org/aba-therapy/action-behavior-centers-brighton-colorado-80601/,"Brighton, Colorado"
Action Behavior Centers Broomfield - Denver,https://www.bhcoe.org/aba-therapy/action-behavior-centers-broomfield-colorado-80020/,"Broomfield, Colorado"
Action Behavior Centers Buda - San Antonio,https://www.bhcoe.org/aba-therapy/action-behavior-centers-buda-texas-78610/,"Buda, Texas"
Action Behavior Centers Burleson - DFW,https://www.bhcoe.org/aba-therapy/action-behavior-centers-fort-worth-texas-76028/,"Fort Worth, Texas"
Action Behavior Centers Burr Ridge - Chicago,https://www.bhcoe.org/aba-therapy/action-behavior-centers-burr-ridge-illinois-60527/,"Burr Ridge, Illinois"
Action Behavior Centers Cedar Park - Austin,https://www.bhcoe.org/aba-therapy/action-behavior-centers-austin-texas-78729/,"Austin, Texas"
Action Behavior Centers Cedar Park 2.0 - Austin,https://www.bhcoe.org/aba-therapy/action-behavior-centers-austin-texas-78729-2/,"Austin, Texas"
Action Behavior Centers Cedar Park 3.0 - Austin,https://www.bhcoe.org/aba-therapy/action-behavior-centers-austin-texas-78729-3/,"Austin, Texas"
Action Behavior Centers Cedar Park Whitestone - Austin,https://www.bhcoe.org/aba-therapy/action-behavior-centers-cedar-park-texas-78613-2/,"Cedar Park, Texas"
Action Behavior Centers Centennial/DTC - Denver,https://www.bhcoe.org/aba-therapy/action-behavior-centers-centennial-colorado-80111/,"Centennial, Colorado"
Action Behavior Centers Central Broomfield - Denver,https://www.bhcoe.org/aba-therapy/action-behavior-centers-broomfield-colorado-80023/,"Broomfield, Colorado"
Action Behavior Centers Central Flower Mound - DFW,https://www.bhcoe.org/aba-therapy/action-behavior-centers-flower-mound-texas-75022/,"Flower Mound, Texas"
Action Behavior Centers Chandler - Phoenix,https://www.bhcoe.org/aba-therapy/action-behavior-centers-chandler-arizona-85226/,"Chandler, Arizona"
Action Behavior Centers Chandler 2.0 - Phoenix,https://www.bhcoe.org/aba-therapy/action-behavior-centers-chandler-arizona-85226-3/,"Chandler, Arizona"
Action Behavior Centers Chandler Downtown - Phoenix,https://www.bhcoe.org/aba-therapy/action-behavior-centers-chandler-arizona-85225/,"Chandler, Arizona"
Action Behavior Centers Chandler Training Site - Phoenix,https://www.bhcoe.org/aba-therapy/action-behavior-centers-chandler-arizona-85226-2/,"Chandler, Arizona"
Action Behavior Centers Chicago at Home - Chicago,https://www.bhcoe.org/aba-therapy/action-behavior-centers-naperville-illinois-60563/,"Naperville, Illinois"
Action Behavior Centers Cibolo - San Antonio,https://www.bhcoe.org/aba-therapy/action-behavior-centers-cibolo-texas-78108/,"Cibolo, Texas"
Action Behavior Centers Colleyville - DFW,https://www.bhcoe.org/aba-therapy/action-behavior-centers-north-richland-hills-texas-76182-3/,"North Richland Hills, Texas"
Action Behavior Centers Coppell - DFW,https://www.bhcoe.org/aba-therapy/action-behavior-centers-coppell-texas-75019/,"Coppell, Texas"
Action Behavior Centers CP Arrow Point - Austin,https://www.bhcoe.org/aba-therapy/action-behavior-centers-cedar-park-texas-78613/,"Cedar Park, Texas"
Action Behavior Centers Cypress - Houston,https://www.bhcoe.org/aba-therapy/action-behavior-centers-cypress-texas-77429/,"Cypress, Texas"
Action Behavior Centers Cypress 2.0 - Houston,https://www.bhcoe.org/aba-therapy/action-behavior-centers-cypress-texas-77433/,"Cypress, Texas"
Action Behavior Centers Cypress Bridgeland Expansion - Houston,https://www.bhcoe.org/aba-therapy/action-behavior-centers-cypress-texas-77433-3/,"Cypress, Texas"
Action Behavior Centers Dallas at Home - DFW,https://www.bhcoe.org/aba-therapy/action-behavior-centers-north-richland-hills-texas-76182-2/,"North Richland Hills, Texas"
Action Behavior Centers Deer Valley - Phoenix,https://www.bhcoe.org/aba-therapy/action-behavior-centers-phoenix-arizona-85024/,"Phoenix, Arizona"
Action Behavior Centers DFW Academy 1 - DFW,https://www.bhcoe.org/aba-therapy/action-behavior-centers-allen-texas-75013/,"Allen, Texas"
Action Behavior Centers Duncanville - DFW,https://www.bhcoe.org/aba-therapy/action-behavior-centers-duncanville-texas-75137/,"Duncanville, Texas"
Action Behavior Centers East Arrowhead Ranch - Phoenix,https://www.bhcoe.org/aba-therapy/action-behavior-centers-glendale-arizona-85306/,"Glendale, Arizona"
Action Behavior Centers East Mesa - Phoenix,https://www.bhcoe.org/aba-therapy/action-behavior-centers-mesa-arizona-85205/,"Mesa, Arizona"
Action Behavior Centers East Pflugerville - Austin,https://www.bhcoe.org/aba-therapy/action-behavior-centers-pflugerville-texas-78660/,"Pflugerville, Texas"
Action Behavior Centers East Tucson - Tucson,https://www.bhcoe.org/aba-therapy/action-behavior-centers-tucson-arizona-85715/,"Tucson, Arizona"
Action Behavior Centers Elgin - Chicago,https://www.bhcoe.org/aba-therapy/action-behavior-centers-elgin-illinois-60123/,"Elgin, Illinois"
Action Behavior Centers Energy Corridor - Houston,https://www.bhcoe.org/aba-therapy/action-behavior-centers-houston-texas-77079/,"Houston, Texas"
Action Behavior Centers Euless - DFW,https://www.bhcoe.org/aba-therapy/action-behavior-centers-euless-texas-76040/,"Euless, Texas"
Action Behavior Centers Far West 1.0 and 2.0 - San Antonio,https://www.bhcoe.org/aba-therapy/action-behavior-centers-san-antonio-texas-78251/,"San Antonio, Texas"
Action Behavior Centers Far West 2.0 - San Antonio,https://www.bhcoe.org/aba-therapy/action-behavior-centers-san-antonio-texas-78251-3/,"San Antonio, Texas"
Action Behavior Centers Flower Mound - DFW,https://www.bhcoe.org/aba-therapy/action-behavior-centers-flower-mound-texas-75028/,"Flower Mound, Texas"
Action Behavior Centers Fort Collins - Denver,https://www.bhcoe.org/aba-therapy/action-behavior-centers-fort-collins-colorado-80525-2/,"Fort Collins, Colorado"
Action Behavior Centers Fort Collins Eastbrook - Denver,https://www.bhcoe.org/aba-therapy/action-behavior-centers-fort-collins-colorado-80525/,"Fort Collins, Colorado"
Action Behavior Centers Fort Worth at Home - DFW,https://www.bhcoe.org/aba-therapy/action-behavior-centers-north-richland-hills-texas-76182/,"North Richland Hills, Texas"
Action Behavior Centers Fort Worth Chisholm Trail - DFW,https://www.bhcoe.org/aba-therapy/action-behavior-centers-fort-worth-texas-76132/,"Fort Worth, Texas"
Action Behavior Centers Four Points - Austin,https://www.bhcoe.org/aba-therapy/action-behavior-centers-austin-texas-78726/,"Austin, Texas"
Action Behavior Centers Frankfort - Chicago,https://www.bhcoe.org/aba-therapy/action-behavior-centers-frankfort-illinois-60423/,"Frankfort, Illinois"
Action Behavior Centers Frisco 1.0 and 3.0 - DFW,https://www.bhcoe.org/aba-therapy/action-behavior-centers-frisco-texas-75034/,"Frisco, Texas"
Action Behavior Centers Frisco 2.0 - DFW,https://www.bhcoe.org/aba-therapy/action-behavior-centers-frisco-texas-75034-2/,"Frisco, Texas"
Action Behavior Centers Georgetown - Austin,https://www.bhcoe.org/aba-therapy/action-behavior-centers-georgetown-texas-78628/,"Georgetown, Texas"
Action Behavior Centers Gilbert - Phoenix,https://www.bhcoe.org/aba-therapy/action-behavior-centers-gilbert-arizona-85295/,"Gilbert, Arizona"
Action Behavior Centers Gilbert 2.0 - Phoenix,https://www.bhcoe.org/aba-therapy/action-behavior-centers-gilbert-arizona-85295-2/,"Gilbert, Arizona"
Action Behavior Centers Gilbert Expansion Site - Phoenix,https://www.bhcoe.org/aba-therapy/action-behavior-centers-gilbert-arizona-85295-3/,"Gilbert, Arizona"
Action Behavior Centers Glendale - Phoenix,https://www.bhcoe.org/aba-therapy/action-behavior-centers-phoenix-arizona-85033/,"Phoenix, Arizona"
Action Behavior Centers Goodyear - Phoenix,https://www.bhcoe.org/aba-therapy/action-behavior-centers-goodyear-arizona-85395/,"Goodyear, Arizona"
Action Behavior Centers Grapevine - DFW,https://www.bhcoe.org/aba-therapy/action-behavior-centers-grapevine-texas-76051/,"Grapevine, Texas"
Action Behavior Centers Greatwood - Houston,https://www.bhcoe.org/aba-therapy/action-behavior-centers-sugar-land-texas-77479-3/,"Sugar Land, Texas"
Action Behavior Centers Greeley - Denver,https://www.bhcoe.org/aba-therapy/action-behavior-centers-greeley-colorado-80634/,"Greeley, Colorado"
Action Behavior Centers Green Valley Ranch - Denver,https://www.bhcoe.org/aba-therapy/action-behavior-centers-denver-colorado-80249/,"Denver, Colorado"
Action Behavior Centers Helotes - San Antonio,https://www.bhcoe.org/aba-therapy/action-behavior-centers-san-antonio-texas-78249-2/,"San Antonio, Texas"
Action Behavior Centers Highlands Ranch - Denver,https://www.bhcoe.org/aba-therapy/action-behavior-centers-highlands-ranch-colorado-80129/,"Highlands Ranch, Colorado"
Action Behavior Centers Highlands Ranch Expansion - Denver,https://www.bhcoe.org/aba-therapy/action-behavior-centers-highlands-ranch-colorado-80129-2/,"Highlands Ranch, Colorado"
Action Behavior Centers Houston at Home - Houston,https://www.bhcoe.org/aba-therapy/action-behavior-centers-houston-texas-77024/,"Houston, Texas"
Action Behavior Centers Humble - Houston,https://www.bhcoe.org/aba-therapy/action-behavior-centers-humble-texas-77338/,"Humble, Texas"
Action Behavior Centers Hutto - Austin,https://www.bhcoe.org/aba-therapy/action-behavior-centers-hutto-texas-78634/,"Hutto, Texas"
Action Behavior Centers Irving - DFW,https://www.bhcoe.org/aba-therapy/action-behavior-centers-irving-texas-75039/,"Irving, Texas"
Action Behavior Centers Irving 2.0 - DFW,https://www.bhcoe.org/aba-therapy/action-behavior-centers-irving-texas-75039-2/,"Irving, Texas"
Action Behavior Centers Katy - Cinco Ranch 2.0 - Houston,https://www.bhcoe.org/aba-therapy/action-behavior-centers-katy-texas-77494-2/,"Katy, Texas"
Action Behavior Centers Katy - Fry Road - Houston,https://www.bhcoe.org/aba-therapy/action-behavior-centers-katy-texas-77449-2/,"Katy, Texas"
Action Behavior Centers Katy 1.0 and 2.0 - Houston,https://www.bhcoe.org/aba-therapy/action-behavior-centers-katy-texas-77494/,"Katy, Texas"
Action Behavior Centers Katy Fry Road - Houston,https://www.bhcoe.org/aba-therapy/action-behavior-centers-katy-texas-77449/,"Katy, Texas"
Action Behavior Centers Keller - DFW,https://www.bhcoe.org/aba-therapy/action-behavior-centers-keller-texas-76244/,"Keller, Texas"
Action Behavior Centers Kingwood Northpark - Houston,https://www.bhcoe.org/aba-therapy/action-behavior-centers-kingwood-texas-77339/,"Kingwood, Texas"
Action Behavior Centers Kramer - Austin,https://www.bhcoe.org/aba-therapy/action-behavior-centers-austin-texas-78758-2/,"Austin, Texas"
Action Behavior Centers Kramer 2.0 - Austin,https://www.bhcoe.org/aba-therapy/action-behavior-centers-austin-texas-78758-3/,"Austin, Texas"
Action Behavior Centers Kyle - San Antonio,https://www.bhcoe.org/aba-therapy/action-behavior-centers-kyle-texas-78640/,"Kyle, Texas"
Action Behavior Centers Lakeway - Austin,https://www.bhcoe.org/aba-therapy/action-behavior-centers-lakeway-texas-78734/,"Lakeway, Texas"
Action Behavior Centers Lakewood - Denver,https://www.bhcoe.org/aba-therapy/action-behavior-centers-lakewood-colorado-80235/,"Lakewood, Colorado"
Action Behavior Centers League City - Houston,https://www.bhcoe.org/aba-therapy/action-behavior-centers-league-city-texas-77573/,"League City, Texas"
Action Behavior Centers League City Bridge Site - Houston,https://www.bhcoe.org/aba-therapy/action-behavior-centers-league-city-texas-77573-2/,"League City, Texas"
Action Behavior Centers Leander - Austin,https://www.bhcoe.org/aba-therapy/action-behavior-centers-leander-texas-78641/,"Leander, Texas"
Action Behavior Centers Leon Springs - San Antonio,https://www.bhcoe.org/aba-therapy/action-behavior-centers-san-antonio-texas-78257/,"San Antonio, Texas"
Action Behavior Centers Lewisville - DFW,https://www.bhcoe.org/aba-therapy/action-behavior-centers-lewisville-texas-75067/,"Lewisville, Texas"
Action Behavior Centers Lincolnwood - Chicago,https://www.bhcoe.org/aba-therapy/action-behavior-centers-lincolnwood-illinois-60712/,"Lincolnwood, Illinois"
Action Behavior Centers Litchfield Park - Phoenix,https://www.bhcoe.org/aba-therapy/action-behavior-centers-avondale-arizona-85392/,"Avondale, Arizona"
Action Behavior Centers Litchfield Park 2.0 - Phoenix,https://www.bhcoe.org/aba-therapy/action-behavior-centers-avondale-arizona-85392-2/,"Avondale, Arizona"
Action Behavior Centers Litchfield Park Expansion (B) - Phoenix,https://www.bhcoe.org/aba-therapy/action-behavior-centers-avondale-arizona-85392-5/,"Avondale, Arizona"
Action Behavior Centers Litchfield Park Expansion - Phoenix,https://www.bhcoe.org/aba-therapy/action-behavior-centers-avondale-arizona-85392-4/,"Avondale, Arizona"
Action Behavior Centers Littleton - Denver,https://www.bhcoe.org/aba-therapy/action-behavior-centers-littleton-colorado-80120/,"Littleton, Colorado"
Action Behavior Centers Lombard - Chicago,https://www.bhcoe.org/aba-therapy/action-behavior-centers-lombard-illinois-60148/,"Lombard, Illinois"
Action Behavior Centers Lone Tree - Denver,https://www.bhcoe.org/aba-therapy/action-behavior-centers-lone-tree-colorado-80124/,"Lone Tree, Colorado"
Action Behavior Centers Longmont - Denver,https://www.bhcoe.org/aba-therapy/action-behavior-centers-longmont-colorado-80501/,"Longmont, Colorado"
Action Behavior Centers Manor - Austin,https://www.bhcoe.org/aba-therapy/action-behavior-centers-manor-texas-78653/,"Manor, Texas"
Action Behavior Centers Mansfield - DFW,https://www.bhcoe.org/aba-therapy/action-behavior-centers-mansfield-texas-76063/,"Mansfield, Texas"
Action Behavior Centers Mansfield 2.0 - DFW,https://www.bhcoe.org/aba-therapy/action-behavior-centers-mansfield-texas-76063-2/,"Mansfield, Texas"
Action Behavior Centers Mansfield Expansion - DFW,https://www.bhcoe.org/aba-therapy/action-behavior-centers-mansfield-texas-76063-3/,"Mansfield, Texas"
Action Behavior Centers Maple Grove - Minnesota,https://www.bhcoe.org/aba-therapy/action-behavior-centers-maple-grove-minnesota-55311/,"Maple Grove, Minnesota"
Action Behavior Centers McKinney - DFW,https://www.bhcoe.org/aba-therapy/action-behavior-centers-mckinney-texas-75071-2/,"McKinney, Texas"
Action Behavior Centers McKinney Craig Ranch - DFW,https://www.bhcoe.org/aba-therapy/action-behavior-centers-mckinney-texas-75070/,"McKinney, Texas"
Action Behavior Centers Melissa - DFW,https://www.bhcoe.org/aba-therapy/action-behavior-centers-melissa-texas-75454/,"Melissa, Texas"
Action Behavior Centers Memorial - Houston,https://www.bhcoe.org/aba-therapy/action-behavior-centers-houston-texas-77024-2/,"Houston, Texas"
Action Behavior Centers Midlothian - DFW,https://www.bhcoe.org/aba-therapy/action-behavior-centers-midlothian-texas-76065/,"Midlothian, Texas"
Action Behavior Centers Mills Branch - Houston,https://www.bhcoe.org/aba-therapy/action-behavior-centers-kingwood-texas-77345/,"Kingwood, Texas"
Action Behavior Centers Naperville - Chicago,https://www.bhcoe.org/aba-therapy/action-behavior-centers-naperville-illinois-60563-2/,"Naperville, Illinois"
Action Behavior Centers NASA - Houston,https://www.bhcoe.org/aba-therapy/action-behavior-centers-houston-texas-77058/,"Houston, Texas"
Action Behavior Centers New Braunfels - San Antonio,https://www.bhcoe.org/aba-therapy/action-behavior-centers-new-braunfels-texas-78130/,"New Braunfels, Texas"
Action Behavior Centers New Braunfels Rio - San Antonio,https://www.bhcoe.org/aba-therapy/action-behavior-centers-new-braunfels-texas-78130-2/,"New Braunfels, Texas"
Action Behavior Centers North Carrollton - DFW,https://www.bhcoe.org/aba-therapy/action-behavior-centers-carrollton-texas-75007/,"Carrollton, Texas"
Action Behavior Centers North Conroe - Houston,https://www.bhcoe.org/aba-therapy/action-behavior-centers-conroe-texas-77304/,"Conroe, Texas"
Action Behavior Centers North East Round Rock - Austin,https://www.bhcoe.org/aba-therapy/action-behavior-centers-round-rock-texas-78665/,"Round Rock, Texas"
Action Behavior Centers North Fort Worth - DFW,https://www.bhcoe.org/aba-therapy/action-behavior-centers-fort-worth-texas-76177/,"Fort Worth, Texas"
Action Behavior Centers North Frisco - DFW,https://www.bhcoe.org/aba-therapy/action-behavior-centers-frisco-texas-75033/,"Frisco, Texas"
Action Behavior Centers North Gilbert - Phoenix,https://www.bhcoe.org/aba-therapy/action-behavior-centers-gilbert-arizona-85234/,"Gilbert, Arizona"
Action Behavior Centers Northlake - DFW,https://www.bhcoe.org/aba-therapy/action-behavior-centers-argyle-texas-76226/,"Argyle, Texas"
Action Behavior Centers North Mansfield - DFW,https://www.bhcoe.org/aba-therapy/action-behavior-centers-arlington-texas-76002/,"Arlington, Texas"
Action Behavior Centers North McKinney - DFW,https://www.bhcoe.org/aba-therapy/action-behavior-centers-mckinney-texas-75071/,"McKinney, Texas"
Action Behavior Centers North Phoenix - Phoenix,https://www.bhcoe.org/aba-therapy/action-behavior-centers-phoenix-arizona-85032/,"Phoenix, Arizona"
Action Behavior Centers North Plano - DFW,https://www.bhcoe.org/aba-therapy/action-behavior-centers-plano-texas-75025/,"Plano, Texas"
Action Behavior Centers North Plano Expansion - DFW,https://www.bhcoe.org/aba-therapy/action-behavior-centers-plano-texas-75025-2/,"Plano, Texas"
Action Behavior Centers North Queen Creek - Phoenix,https://www.bhcoe.org/aba-therapy/action-behavior-centers-queen-creek-arizona-85142/,"Queen Creek, Arizona"
Action Behavior Centers North Richardson - DFW,https://www.bhcoe.org/aba-therapy/action-behavior-centers-richardson-texas-75082/,"Richardson, Texas"
Action Behavior Centers North Scottsdale - Phoenix,https://www.bhcoe.org/aba-therapy/action-behavior-centers-scottsdale-arizona-85255/,"Scottsdale, Arizona"
Action Behavior Centers North Shadow Creek - Houston,https://www.bhcoe.org/aba-therapy/action-behavior-centers-pearland-texas-77584-2/,"Pearland, Texas"
Action Behavior Centers North Stone Oak - San Antonio,https://www.bhcoe.org/aba-therapy/action-behavior-centers-san-antonio-texas-78258/,"San Antonio, Texas"
Action Behavior Centers North Sugar Land - Houston,https://www.bhcoe.org/aba-therapy/action-behavior-centers-sugar-land-texas-77498-2/,"Sugar Land, Texas"
Action Behavior Centers North Tucson - Tucson,https://www.bhcoe.org/aba-therapy/action-behavior-centers-tucson-arizona-85704/,"Tucson, Arizona"
Action Behavior Centers Northwest Tucson - Tucson,https://www.bhcoe.org/aba-therapy/action-behavior-centers-tucson-arizona-85741/,"Tucson, Arizona"
Action Behavior Centers Old Settlers - Austin,https://www.bhcoe.org/aba-therapy/action-behavior-centers-round-rock-texas-78664-2/,"Round Rock, Texas"
Action Behavior Centers Paradise Valley - Phoenix,https://www.bhcoe.org/aba-therapy/action-behavior-centers-scottsdale-arizona-85254/,"Scottsdale, Arizona"
Action Behavior Centers Parker - Denver,https://www.bhcoe.org/aba-therapy/action-behavior-centers-parker-colorado-80138/,"Parker, Colorado"
Action Behavior Centers Pearland - Houston,https://www.bhcoe.org/aba-therapy/action-behavior-centers-pearland-texas-77581/,"Pearland, Texas"
Action Behavior Centers Perrin Beitel - San Antonio,https://www.bhcoe.org/aba-therapy/action-behavior-centers-san-antonio-texas-78218/,"San Antonio, Texas"
Action Behavior Centers Pflugerville - Austin,https://www.bhcoe.org/aba-therapy/action-behavior-centers-round-rock-texas-78664/,"Round Rock, Texas"
Action Behavior Centers Plainfield - Chicago,https://www.bhcoe.org/aba-therapy/action-behavior-centers-plainfield-illinois-60586/,"Plainfield, Illinois"
Action Behavior Centers Prosper - DFW,https://www.bhcoe.org/aba-therapy/action-behavior-centers-prosper-texas-75078/,"Prosper, Texas"
Action Behavior Centers Rayford - Houston,https://www.bhcoe.org/aba-therapy/action-behavior-centers-spring-texas-77386/,"Spring, Texas"
Action Behavior Centers Round Rock Bridge Site - Austin,https://www.bhcoe.org/aba-therapy/action-behavior-centers-round-rock-texas-78681-3/,"Round Rock, Texas"
Action Behavior Centers Round Rock Expasion - Austin,https://www.bhcoe.org/aba-therapy/action-behavior-centers-round-rock-texas-78681-4/,"Round Rock, Texas"
Action Behavior Centers Round Rock Great Oaks - Austin,https://www.bhcoe.org/aba-therapy/action-behavior-centers-round-rock-texas-78681/,"Round Rock, Texas"
Action Behavior Centers Round Rock Mays St - Austin,https://www.bhcoe.org/aba-therapy/action-behavior-centers-round-rock-texas-78664-3/,"Round Rock, Texas"
Action Behavior Centers Rowlett - DFW,https://www.bhcoe.org/aba-therapy/action-behavior-centers-rowlett-texas-75088/,"Rowlett, Texas"
Action Behavior Centers San Antonio at Home - San Antonio,https://www.bhcoe.org/aba-therapy/action-behavior-centers-san-antonio-texas-78232/,"San Antonio, Texas"
Action Behavior Centers San Antonio Cimarron Path - San Antonio,https://www.bhcoe.org/aba-therapy/action-behavior-centers-san-antonio-texas-78249/,"San Antonio, Texas"
Action Behavior Centers San Tan Valley - Phoenix,https://www.bhcoe.org/aba-therapy/action-behavior-centers-san-tan-valley-arizona-85140/,"San Tan Valley, Arizona"
Action Behavior Centers Schaumburg - Chicago,https://www.bhcoe.org/aba-therapy/action-behavior-centers-schaumburg-illinois-60173/,"Schaumburg, Illinois"
Action Behavior Centers Schertz - San Antonio,https://www.bhcoe.org/aba-therapy/action-behavior-centers-schertz-texas-78154/,"Schertz, Texas"
Action Behavior Centers Schertz East - San Antonio,https://www.bhcoe.org/aba-therapy/action-behavior-centers-schertz-texas-78154-2/,"Schertz, Texas"
Action Behavior Centers Shadow Creek Ranch - Houston,https://www.bhcoe.org/aba-therapy/action-behavior-centers-pearland-texas-77584/,"Pearland, Texas"
Action Behavior Centers Shadow Creek Ranch Expansion - Houston,https://www.bhcoe.org/aba-therapy/action-behavior-centers-pearland-texas-77584-3/,"Pearland, Texas"
Action Behavior Centers Shakopee - Minnesota,https://www.bhcoe.org/aba-therapy/action-behavior-centers-shakopee-minnesota-55379/,"Shakopee, Minnesota"
Action Behavior Centers Sienna - Houston,https://www.bhcoe.org/aba-therapy/action-behavior-centers-missouri-city-texas-77459/,"Missouri City, Texas"
Action Behavior Centers Sienna Riverstone - Houston,https://www.bhcoe.org/aba-therapy/action-behavior-centers-sugar-land-texas-77479/,"Sugar Land, Texas"
Action Behavior Centers Silicon Drive - San Antonio,https://www.bhcoe.org/aba-therapy/action-behavior-centers-san-antonio-texas-78249-5/,"San Antonio, Texas"
Action Behavior Centers South Arlington - DFW,https://www.bhcoe.org/aba-therapy/action-behavior-centers-arlington-texas-76018/,"Arlington, Texas"
Action Behavior Centers South Austin - Austin,https://www.bhcoe.org/aba-therapy/action-behavior-centers-austin-texas-78749-2/,"Austin, Texas"
Action Behavior Centers South Conroe - Houston,https://www.bhcoe.org/aba-therapy/action-behavior-centers-conroe-texas-77301/,"Conroe, Texas"
Action Behavior Centers Southlake - DFW,https://www.bhcoe.org/aba-therapy/action-behavior-centers-southlake-texas-76092/,"Southlake, Texas"
Action Behavior Centers South Sugar Land - Houston,https://www.bhcoe.org/aba-therapy/action-behavior-centers-sugar-land-texas-77479-2/,"Sugar Land, Texas"
Action Behavior Centers Spring - Houston,https://www.bhcoe.org/aba-therapy/action-behavior-centers-spring-texas-77379/,"Spring, Texas"
Action Behavior Centers Spring 2.0 - Houston,https://www.bhcoe.org/aba-therapy/action-behavior-centers-spring-texas-77379-2/,"Spring, Texas"
Action Behavior Centers Spring 99/45 - Houston,https://www.bhcoe.org/aba-therapy/action-behavior-centers-spring-texas-77388/,"Spring, Texas"
Action Behavior Centers Spring 99/45 Expansion & Training Center - Houston,https://www.bhcoe.org/aba-therapy/action-behavior-centers-spring-texas-77388-2/,"Spring, Texas"
Action Behavior Centers Stone Oak - San Antonio,https://www.bhcoe.org/aba-therapy/action-behavior-centers-san-antonio-texas-78232-2/,"San Antonio, Texas"
Action Behavior Centers Sugar Land - Houston,https://www.bhcoe.org/aba-therapy/action-behavior-centers-sugar-land-texas-77498/,"Sugar Land, Texas"
Action Behavior Centers Sugar Land Bridge Site - Houston,https://www.bhcoe.org/aba-therapy/action-behavior-centers-sugar-land-texas-77478-2/,"Sugar Land, Texas"
Action Behavior Centers Sun City - Phoenix,https://www.bhcoe.org/aba-therapy/action-behavior-centers-sun-city-arizona-85351/,"Sun City, Arizona"
Action Behavior Centers Sunset Valley - Austin,https://www.bhcoe.org/aba-therapy/action-behavior-centers-austin-texas-78749-3/,"Austin, Texas"
Action Behavior Centers Tomball - Houston,https://www.bhcoe.org/aba-therapy/action-behavior-centers-tomball-texas-77375/,"Tomball, Texas"
Action Behavior Centers Training Center - Dallas - DFW,https://www.bhcoe.org/aba-therapy/action-behavior-centers-plano-texas-75024/,"Plano, Texas"
Action Behavior Centers Training Center - Litchfield Park - Phoenix,https://www.bhcoe.org/aba-therapy/action-behavior-centers-avondale-arizona-85392-3/,"Avondale, Arizona"
Action Behavior Centers Training Center - San Antonio - San Antonio,https://www.bhcoe.org/aba-therapy/action-behavior-centers-san-antonio-texas-78248/,"San Antonio, Texas"
Action Behavior Centers Training Center - Sugar Land - Houston,https://www.bhcoe.org/aba-therapy/action-behavior-centers-sugar-land-texas-77478/,"Sugar Land, Texas"
Action Behavior Centers Watauga - DFW,https://www.bhcoe.org/aba-therapy/action-behavior-centers-watauga-texas-76148/,"Watauga, Texas"
Action Behavior Centers West Fort Worth - DFW,https://www.bhcoe.org/aba-therapy/action-behavior-centers-fort-worth-texas-76107/,"Fort Worth, Texas"
Action Behavior Centers West Frisco - DFW,https://www.bhcoe.org/aba-therapy/action-behavior-centers-frisco-texas-75034-3/,"Frisco, Texas"
Action Behavior Centers West Lake - Houston,https://www.bhcoe.org/aba-therapy/action-behavior-centers-atascocita-texas-77346/,"Atascocita, Texas"
Action Behavior Centers Westminster - Denver,https://www.bhcoe.org/aba-therapy/action-behavior-centers-westminster-colorado-80234/,"Westminster, Colorado"
Action Behavior Centers Westmont - Chicago,https://www.bhcoe.org/aba-therapy/action-behavior-centers-westmont-illinois-60559/,"Westmont, Illinois"
Action Behavior Centers Westover Hills - San Antonio,https://www.bhcoe.org/aba-therapy/action-behavior-centers-san-antonio-texas-78251-2/,"San Antonio, Texas"
Action Behavior Centers West Plano - DFW,https://www.bhcoe.org/aba-therapy/action-behavior-centers-plano-texas-75093/,"Plano, Texas"
Action Behavior Centers West Southlake - DFW,https://www.bhcoe.org/aba-therapy/action-behavior-centers-southlake-texas-76092-2/,"Southlake, Texas"
Action Behavior Centers Wheat Ridge - Denver,https://www.bhcoe.org/aba-therapy/action-behavior-centers-wheat-ridge-colorado-80033/,"Wheat Ridge, Colorado"
Action Behavior Centers Woodlands Research Forest - Houston,https://www.bhcoe.org/aba-therapy/action-behavior-centers-the-woodlands-texas-77381/,"The Woodlands, Texas"
Action Behavior Centers Woodlands Tech Forest - Houston,https://www.bhcoe.org/aba-therapy/action-behavior-centers-the-woodlands-texas-77381-2/,"The Woodlands, Texas"
Action Behavior Centers Wylie - DFW,https://www.bhcoe.org/aba-therapy/action-behavior-centers-wylie-texas-75098/,"Wylie, Texas"
Action Behavior Centers Wyoming Springs - Austin,https://www.bhcoe.org/aba-therapy/action-behavior-centers-round-rock-texas-78681-2/,"Round Rock, Texas"
Adaptive Solutions,https://www.bhcoe.org/aba-therapy/adaptive-solutions-south-bend-indiana-46601/,"South Bend, Indiana"
Adaptive Solutions Rochester,https://www.bhcoe.org/aba-therapy/adaptive-solutions-rochester-indiana-46975/,"Rochester, Indiana"
Advance ABA Care - Dearborn,https://www.bhcoe.org/aba-therapy/advance-aba-care-dearborn-michigan-48124/,"Dearborn, Michigan"
Advance ABA Care - Hartland,https://www.bhcoe.org/aba-therapy/advance-aba-care-hartland-michigan-48353/,"Hartland, Michigan"
Advanced Autism Center for Treatment,https://www.bhcoe.org/aba-therapy/advanced-autism-center-for-treatment-gilbert-arizona-85297/,"Gilbert, Arizona"
Advanced Autism Center for Treatment Arizona,https://www.bhcoe.org/aba-therapy/advanced-autism-center-for-treatment-mesa-arizona-85212/,"Mesa, Arizona"
Advanced Autism Center for Treatment Montana,https://www.bhcoe.org/aba-therapy/advanced-autism-center-for-treatment-bozeman-montana-59715/,"Bozeman, Montana"
"Advance Kids, LLC",https://www.bhcoe.org/aba-therapy/advance-kids-llc-sacramento-california-95827-2/,"Sacramento, California"
Advance Kids Bradshaw,https://www.bhcoe.org/aba-therapy/advance-kids-llc-sacramento-california-95827/,"Sacramento, California"
Advance Kids Natomas,https://www.bhcoe.org/aba-therapy/advance-kids-llc-sacramento-california-95833/,"Sacramento, California"
A Gem of Joy ABA,https://www.bhcoe.org/aba-therapy/a-gem-of-joy-aba-baltimore-maryland-21209/,"Baltimore, Maryland"
"Aggieland Autism Center, LLC",https://www.bhcoe.org/aba-therapy/aggieland-autism-center-llc-college-station-texas-77845/,"College Station, Texas"
Aggieland Autism Center - Montgomery,https://www.bhcoe.org/aba-therapy/aggieland-autism-center-llc-montgomery-texas-77356/,"Montgomery, Texas"
A Hope For Autism/Learn to Grow ABA - Oregon,https://www.bhcoe.org/aba-therapy/a-hope-for-autism-learn-to-grow-aba-portland-oregon-97201/,"Portland, Oregon"
AIM Behavior Services - Chula Vista,https://www.bhcoe.org/aba-therapy/aim-behavior-services-chula-vista-california-91914/,"Chula Vista, California"
AIM Behavior Services - Oceanside,https://www.bhcoe.org/aba-therapy/aim-behavior-services-oceanside-california-92056/,"Oceanside, California"
Aim Star Learning - Ellensburg,https://www.bhcoe.org/aba-therapy/aim-star-learning-ellensburg-washington-98926/,"Ellensburg, Washington"
Aim Star Learning - Washington,https://www.bhcoe.org/aba-therapy/aim-star-learning-maple-valley-washington-98038/,"Maple Valley, Washington"
Allegheny Behavior Analysis Services,https://www.bhcoe.org/aba-therapy/allegheny-behavior-analysis-services-pittsburgh-pennsylvania-15229/,"Pittsburgh, Pennsylvania"
Ally Pediatric Therapy - Ahwatukee,https://www.bhcoe.org/aba-therapy/ally-pediatric-therapy-phoenix-arizona-85044/,"Phoenix, Arizona"
Ally Pediatric Therapy - Chandler,https://www.bhcoe.org/aba-therapy/ally-pediatric-therapy-chandler-arizona-85286/,"Chandler, Arizona"
Ally Pediatric Therapy - Clinic Support Center,https://www.bhcoe.org/aba-therapy/ally-pediatric-therapy-chandler-arizona-85225/,"Chandler, Arizona"
Ally Pediatric Therapy - Gilbert,https://www.bhcoe.org/aba-therapy/ally-pediatric-therapy-gilbert-arizona-85296/,"Gilbert, Arizona"
Ally Pediatric Therapy - North Phoenix,https://www.bhcoe.org/aba-therapy/ally-pediatric-therapy-phoenix-arizona-85027/,"Phoenix, Arizona"
Ally Pediatric Therapy - Paradise Valley,https://www.bhcoe.org/aba-therapy/ally-pediatric-therapy-paradise-valley-arizona-85253/,"Paradise Valley, Arizona"
Ally Pediatric Therapy - Peoria,https://www.bhcoe.org/aba-therapy/ally-pediatric-therapy-peoria-arizona-85382/,"Peoria, Arizona"
Ally Pediatric Therapy - Surprise,https://www.bhcoe.org/aba-therapy/ally-pediatric-therapy-surprise-arizona-85379/,"Surprise, Arizona"
American Behavioral Solutions - Arizona,https://www.bhcoe.org/aba-therapy/american-behavioral-solutions-mesa-arizona-85210/,"Mesa, Arizona"
American Behavioral Solutions Therapy Center,https://www.bhcoe.org/aba-therapy/american-behavioral-solutions-glendale-arizona-85301/,"Glendale, Arizona"
A New Leaf Therapeutic Services - North Carolina,https://www.bhcoe.org/aba-therapy/a-new-leaf-therapeutic-services-fayetteville-north-carolina-28303/,"Fayetteville, North Carolina"
Answers Now - Virginia,https://www.bhcoe.org/aba-therapy/answersnow-richmond-virginia-23233/,"Richmond, Virginia"
Apollo Behavior Services,https://www.bhcoe.org/aba-therapy/apollo-behavior-services-marietta-georgia-30068/,"Marietta, Georgia"
Apollo Behavior Services,https://www.bhcoe.org/aba-therapy/apollo-behavior-services-lawrenceville-georgia-30043/,"Lawrenceville, Georgia"
Apollo Behavior Services,https://www.bhcoe.org/aba-therapy/apollo-behavior-services-suwanee-georgia-30024/,"Suwanee, Georgia"
Apollo Behavior Services,https://www.bhcoe.org/aba-therapy/apollo-behavior-services-alpharetta-georgia-30022/,"Alpharetta, Georgia"
Apollo Behavior Services,https://www.bhcoe.org/aba-therapy/apollo-behavior-services-milton-georgia-30004/,"Milton, Georgia"
Apollo Behavior Services,https://www.bhcoe.org/aba-therapy/apollo-behavior-services-dacula-georgia-30019/,"Dacula, Georgia"
Appleseeds Behavioral Center,https://www.bhcoe.org/aba-therapy/appleseeds-behavioral-center-kennesaw-georgia-30144/,"Kennesaw, Georgia"
Appleseeds Behavioral Center,https://www.bhcoe.org/aba-therapy/appleseeds-behavioral-center-rome-georgia-30149/,"Rome, Georgia"
Arion Care Solutions - Arizona,https://www.bhcoe.org/aba-therapy/arion-care-solutions-chandler-arizona-85224/,"Chandler, Arizona"
Arizona Autism United (AZA),https://www.bhcoe.org/aba-therapy/arizona-autism-united-phoenix-arizona-85034/,"Phoenix, Arizona"
Arizona Autism United (AZA) - East Valley Center,https://www.bhcoe.org/aba-therapy/arizona-autism-united-mesa-arizona-85206/,"Mesa, Arizona"
Arizona Autism United (AZA) - West Valley Center,https://www.bhcoe.org/aba-therapy/arizona-autism-united-avondale-arizona-85323/,"avondale, Arizona"
Ascend Behavior Partners,https://www.bhcoe.org/aba-therapy/ascend-behavior-partners-denver-colorado-80237-2/,"Denver, Colorado"
Ascend Behavior Partners,https://www.bhcoe.org/aba-therapy/ascend-behavior-partners-denver-colorado-80238/,"Denver, Colorado"
Ascend Behavior Partners,https://www.bhcoe.org/aba-therapy/ascend-behavior-partners-denver-colorado-80237/,"Denver, Colorado"
Ascend Behavior Partners - Arizona,https://www.bhcoe.org/aba-therapy/ascend-behavior-partners-phoenix-arizona-85028/,"Phoenix, Arizona"
Ascend Behavior Partners - Texas,https://www.bhcoe.org/aba-therapy/ascend-behavior-partners-bryan-texas-77802/,"Bryan, Texas"
ASD Life ABA Therapy - Illinois,https://www.bhcoe.org/aba-therapy/asd-life-aba-therapy-worth-illinois-60482/,"Worth, Illinois"
Aspire Behavioral Care - Colorado,https://www.bhcoe.org/aba-therapy/aspire-behavioral-care-colorado-springs-colorado-80920/,"Colorado Springs, Colorado"
Aspire Behavioral Health Center - Carencro,https://www.bhcoe.org/aba-therapy/aspire-behavioral-health-center-lafayette-louisiana-70507/,"Lafayette, Louisiana"
Aspire Behavioral Health Center - Demanade,https://www.bhcoe.org/aba-therapy/aspire-behavioral-health-center-lafayette-louisiana-70503/,"Lafayette, Louisiana"
Aspire Behavioral Health Center - Eunice,https://www.bhcoe.org/aba-therapy/aspire-behavioral-health-center-eunice-louisiana-70535/,"Eunice, Louisiana"
Aspire Behavioral Health Center - New Iberia,https://www.bhcoe.org/aba-therapy/aspire-behavioral-health-center-new-iberia-louisiana-70560/,"New Iberia, Louisiana"
Aspire Behavioral Health Center - Pinhook,https://www.bhcoe.org/aba-therapy/aspire-behavioral-health-center-lafayette-louisiana-70508/,"Lafayette, Louisiana"
Aspire Behavioral Therapy & Consulting - Illinois,https://www.bhcoe.org/aba-therapy/aspire-behavioral-therapy-consulting-chicago-illinois-60093/,"Chicago, Illinois"
Athena Behavioral Treatment Center,https://www.bhcoe.org/aba-therapy/athena-behavioral-treatment-center-gainesville-virginia-20155/,"Gainesville, Virginia"
Atlantic Autism Services,https://www.bhcoe.org/aba-therapy/atlantic-autism-services-elizabeth-city-north-carolina-27909/,"Elizabeth City, North Carolina"
Atlas Autism Health Missouri LLC,https://www.bhcoe.org/aba-therapy/atlas-autism-health-missouri-llc-columbia-missouri-65201-2/,"Columbia, Missouri"
Atlas Autism Health Missouri LLC - Arnold,https://www.bhcoe.org/aba-therapy/atlas-autism-health-missouri-llc-st-louis-missouri-63129/,"St Louis, Missouri"
Atlas Autism Health Missouri LLC - Columbia,https://www.bhcoe.org/aba-therapy/atlas-autism-health-missouri-llc-columbia-missouri-65201/,"Columbia, Missouri"
Atlas Autism Health Missouri LLC - Jefferson City,https://www.bhcoe.org/aba-therapy/atlas-autism-health-missouri-llc-jefferson-city-missouri-65109/,"Jefferson City, Missouri"
Attendant Care Autism Services - Capac,https://www.bhcoe.org/aba-therapy/attendant-care-autism-services-capac-michigan-48014/,"Capac, Michigan"
Attendant Care Autism Services - Chesterfield,https://www.bhcoe.org/aba-therapy/attendant-care-autism-services-chesterfield-michigan-48047/,"Chesterfield, Michigan"
Attendant Care Autism Services - Detroit,https://www.bhcoe.org/aba-therapy/attendant-care-autism-services-detroit-michigan-48205/,"Detroit, Michigan"
Attendant Care Autism Services - Flint,https://www.bhcoe.org/aba-therapy/attendant-care-autism-services-flint-michigan-48532/,"Flint, Michigan"
Attendant Care Autism Services - Fort Gratiot,https://www.bhcoe.org/aba-therapy/attendant-care-autism-services-fort-gratiot-michigan-48059/,"Fort Gratiot, Michigan"
Attendant Care Autism Services - Michigan,https://www.bhcoe.org/aba-therapy/attendant-care-autism-services-new-baltimore-michigan-48047/,"New Baltimore, Michigan"
Attendant Care Autism Services - Roseville,https://www.bhcoe.org/aba-therapy/attendant-care-autism-services-roseville-michigan-48066/,"Roseville, Michigan"
Attendant Care Autism Services - Westland,https://www.bhcoe.org/aba-therapy/attendant-care-autism-services-westland-michigan-48185/,"Westland, Michigan"
Auburn University Autism Center,https://www.bhcoe.org/aba-therapy/auburn-university-autism-center-auburn-university-alabama-36849/,"Auburn University, Alabama"
Autism & Behavioral Consulting Services - Nevada,https://www.bhcoe.org/aba-therapy/autism-behavioral-consulting-services-las-vegas-nevada-89146/,"Las Vegas, Nevada"
Autism and Behavioral Spectrum,https://www.bhcoe.org/aba-therapy/autism-and-behavioral-spectrum-baldwin-missouri-63033/,"Baldwin, Missouri"
Autism and Behavioral Spectrum - Chesterfield,https://www.bhcoe.org/aba-therapy/autism-and-behavioral-spectrum-chesterfield-missouri-63011/,"Chesterfield, Missouri"
Autism and Behavioral Spectrum - Florissant,https://www.bhcoe.org/aba-therapy/autism-and-behavioral-spectrum-florissant-missouri-63033/,"Florissant, Missouri"
Autism and Behavioral Spectrum - Mehlville,https://www.bhcoe.org/aba-therapy/autism-and-behavioral-spectrum-mehlville-missouri-63125/,"Mehlville, Missouri"
Autism and Behavioral Spectrum - St. Peters,https://www.bhcoe.org/aba-therapy/autism-and-behavioral-spectrum-saint-peters-missouri-63376/,"Saint Peters, Missouri"
Autism Center of Excellence (ACE) - Riyadh,https://www.bhcoe.org/aba-therapy/autism-center-of-excellence-ace-riyadh-riyadh-region-11211/,"Riyadh, Riyadh Region"
Autonomous Behavior Solutions,https://www.bhcoe.org/aba-therapy/autonomous-behavior-solutions-lakewood-california-90712/,"Lakewood, California"
Bay ABA,https://www.bhcoe.org/aba-therapy/bay-aba-san-jose-california-95126/,"San Jose, California"
Bay ABA,https://www.bhcoe.org/aba-therapy/bay-aba-san-mateo-california-94403/,"San Mateo, California"
Bay ABA - California,https://www.bhcoe.org/aba-therapy/bay-aba-san-carlos-california-94070/,"San Carlos, California"
Behavior ACC Services - Childrens Therapy Center for Autism and Developmental Services,https://www.bhcoe.org/aba-therapy/behavior-acc-services-corp-miami-florida-33186/,"Miami, Florida"
Behavioral and Therapeutic Services of Hawaii,https://www.bhcoe.org/aba-therapy/behavioral-and-therapeutic-services-of-hawaii-honolulu-hawaii-96816/,"Honolulu, Hawaii"
Behavioral Health Therapies - Florida,https://www.bhcoe.org/aba-therapy/behavioral-health-therapies-tarpon-springs-florida-34689/,"Tarpon Springs, Florida"
"Behavioral Progression, Inc. - Nashville",https://www.bhcoe.org/aba-therapy/behavioral-progression-inc-nashville-tennessee-37209/,"Nashville, Tennessee"
"Behavioral Progression, Inc. - St. Petersburg",https://www.bhcoe.org/aba-therapy/behavioral-progression-inc-st-petersburg-florida-33709/,"St. Petersburg, Florida"
"Behavioral Progression, Inc. - Tampa",https://www.bhcoe.org/aba-therapy/behavioral-progression-inc-tampa-florida-33610/,"Tampa, Florida"
Behavioral Progression - Lakeland,https://www.bhcoe.org/aba-therapy/behavioral-progression-inc-lakeland-florida-33801/,"Lakeland, Florida"
Behavioral Therapy International Group LLC,https://www.bhcoe.org/aba-therapy/behavioral-therapy-international-wormleysburg-pennsylvania-17043/,"Wormleysburg, Pennsylvania"
Behavioral Therapy International Group LLC - Pennsylvania,https://www.bhcoe.org/aba-therapy/behavioral-therapy-international-harrisburg-pennsylvania-17111/,"Harrisburg, Pennsylvania"
Behavior Frontiers,https://www.bhcoe.org/aba-therapy/behavior-frontiers-austin-texas-78735/,"Austin, Texas"
Behavior Frontiers,https://www.bhcoe.org/aba-therapy/behavior-frontiers-smryna-georgia-30082/,"Smryna, Georgia"
Behavior Frontiers - BAK,https://www.bhcoe.org/aba-therapy/behavior-frontiers-bakersfield-california-93309/,"Bakersfield, California"
Behavior Frontiers - BAL,https://www.bhcoe.org/aba-therapy/behavior-frontiers-baltimore-maryland-21202/,"Baltimore, Maryland"
Behavior Frontiers - BETH,https://www.bhcoe.org/aba-therapy/behavior-frontiers-bethesda-maryland-20814/,"Bethesda, Maryland"
Behavior Frontiers - BOS,https://www.bhcoe.org/aba-therapy/behavior-frontiers-boston-massachusetts-2199/,"Boston, Massachusetts"
Behavior Frontiers - BOU,https://www.bhcoe.org/aba-therapy/behavior-frontiers-boulder-colorado-80303/,"Boulder, Colorado"
Behavior Frontiers - BRO,https://www.bhcoe.org/aba-therapy/behavior-frontiers-brookfield-wisconsin-53005/,"Brookfield, Wisconsin"
Behavior Frontiers - CEN Center,https://www.bhcoe.org/aba-therapy/behavior-frontiers-centennial-colorado-80112/,"Centennial, Colorado"
Behavior Frontiers - CHE,https://www.bhcoe.org/aba-therapy/behavior-frontiers-cherry-hill-new-jersey-8802/,"Cherry Hill, New Jersey"
Behavior Frontiers - CHE Center,https://www.bhcoe.org/aba-therapy/behavior-frontiers-chelmsford-massachusetts-1824/,"Chelmsford, Massachusetts"
Behavior Frontiers - CHES,https://www.bhcoe.org/aba-therapy/behavior-frontiers-chesapeake-virginia-23320/,"Chesapeake, Virginia"
Behavior Frontiers - CHES2 Center,https://www.bhcoe.org/aba-therapy/behavior-frontiers-chesapeake-virginia-23323/,"Chesapeake, Virginia"
Behavior Frontiers - CHI,https://www.bhcoe.org/aba-therapy/behavior-frontiers-chicago-illinois-60661/,"Chicago, Illinois"
Behavior Frontiers - COO Center,https://www.bhcoe.org/aba-therapy/behavior-frontiers-coon-rapids-minnesota-55433/,"Coon Rapids, Minnesota"
Behavior Frontiers - DAL Center,https://www.bhcoe.org/aba-therapy/behavior-frontiers-plano-texas-75075/,"Plano, Texas"
Behavior Frontiers - DEN,https://www.bhcoe.org/aba-therapy/behavior-frontiers-denver-colorado-80239/,"Denver, Colorado"
Behavior Frontiers - DET Center,https://www.bhcoe.org/aba-therapy/behavior-frontiers-detroit-michigan-48202/,"Detroit, Michigan"
Behavior Frontiers - FAIR,https://www.bhcoe.org/aba-therapy/behavior-frontiers-fairfax-virginia-22031/,"Fairfax, Virginia"
Behavior Frontiers - FTW,https://www.bhcoe.org/aba-therapy/behavior-frontiers-fort-wayne-indiana-46815/,"Fort Wayne, Indiana"
Behavior Frontiers - HOU,https://www.bhcoe.org/aba-therapy/behavior-frontiers-houston-texas-77056/,"Houston, Texas"
Behavior Frontiers - HOU2,https://www.bhcoe.org/aba-therapy/behavior-frontiers-houston-texas-77070/,"Houston, Texas"
Behavior Frontiers - HQ,https://www.bhcoe.org/aba-therapy/behavior-frontiers-el-segundo-california-90245/,"El Segundo, California"
Behavior Frontiers - IND,https://www.bhcoe.org/aba-therapy/behavior-frontiers-indianapolis-indiana-46256/,"Indianapolis, Indiana"
Behavior Frontiers - LA Center,https://www.bhcoe.org/aba-therapy/behavior-frontiers-gardena-california-90248/,"Gardena, California"
Behavior Frontiers - MINN,https://www.bhcoe.org/aba-therapy/behavior-frontiers-minneapolis-minnesota-55435/,"Minneapolis, Minnesota"
Behavior Frontiers - MINN Center,https://www.bhcoe.org/aba-therapy/behavior-frontiers-edina-minnesota-55439/,"Edina, Minnesota"
Behavior Frontiers - NAS,https://www.bhcoe.org/aba-therapy/behavior-frontiers-nashville-tennessee-37214/,"Nashville, Tennessee"
Behavior Frontiers - OC,https://www.bhcoe.org/aba-therapy/behavior-frontiers-orange-california-92686/,"Orange, California"
Behavior Frontiers - PAL,https://www.bhcoe.org/aba-therapy/behavior-frontiers-palmdale-california-92550/,"Palmdale, California"
Behavior Frontiers - PAS,https://www.bhcoe.org/aba-therapy/behavior-frontiers-glendale-california-91203/,"Glendale, California"
Behavior Frontiers - PHL,https://www.bhcoe.org/aba-therapy/behavior-frontiers-radnor-pennsylvania-19087/,"Radnor, Pennsylvania"
Behavior Frontiers - POR,https://www.bhcoe.org/aba-therapy/behavior-frontiers-portland-oregon-97223/,"Portland, Oregon"
Behavior Frontiers - RIV/MV/SBRN,https://www.bhcoe.org/aba-therapy/behavior-frontiers-riverside-california-92507-2/,"Riverside, California"
Behavior Frontiers - RIV Center,https://www.bhcoe.org/aba-therapy/behavior-frontiers-riverside-california-92507/,"Riverside, California"
Behavior Frontiers - ROC Center,https://www.bhcoe.org/aba-therapy/behavior-frontiers-rocklin-california-95765/,"Rocklin, California"
Behavior Frontiers - SAC,https://www.bhcoe.org/aba-therapy/behavior-frontiers-elk-grove-california-95728/,"Elk Grove, California"
Behavior Frontiers - SAN,https://www.bhcoe.org/aba-therapy/behavior-frontiers-san-antonio-texas-78232/,"San Antonio, Texas"
Behavior Frontiers - SAN2,https://www.bhcoe.org/aba-therapy/behavior-frontiers-san-antonio-texas-78205/,"San Antonio, Texas"
Behavior Frontiers - SDC/S,https://www.bhcoe.org/aba-therapy/behavior-frontiers-san-diego-california-92108/,"San Diego, California"
Behavior Frontiers - SDN,https://www.bhcoe.org/aba-therapy/behavior-frontiers-carlsbad-california-92008/,"Carlsbad, California"
Behavior Frontiers - SEA,https://www.bhcoe.org/aba-therapy/behavior-frontiers-seattle-washington-98107/,"Seattle, Washington"
Behavior Frontiers - SFV,https://www.bhcoe.org/aba-therapy/behavior-frontiers-woodland-hills-california-91367/,"Woodland Hills, California"
Behavior Frontiers - SGV,https://www.bhcoe.org/aba-therapy/behavior-frontiers-monrovia-california-91016/,"Monrovia, California"
Behavior Frontiers - SJ,https://www.bhcoe.org/aba-therapy/behavior-frontiers-san-jose-california-95117/,"San Jose, California"
Behavior Frontiers - STL,https://www.bhcoe.org/aba-therapy/behavior-frontiers-clayton-missouri-63105/,"Clayton, Missouri"
Behavior Frontiers - STP,https://www.bhcoe.org/aba-therapy/behavior-frontiers-st-paul-minnesota-55101/,"St. Paul, Minnesota"
Behavior Frontiers - TEM,https://www.bhcoe.org/aba-therapy/behavior-frontiers-temecula-california-92590/,"Temecula, California"
Behavior Frontiers - TO,https://www.bhcoe.org/aba-therapy/behavior-frontiers-thousand-oaks-california-91320/,"Thousand Oaks, California"
Behavior Frontiers - VEN,https://www.bhcoe.org/aba-therapy/behavior-frontiers-oxnard-california-93036/,"Oxnard, California"
Behavior Frontiers - VEN Center,https://www.bhcoe.org/aba-therapy/behavior-frontiers-oxnard-california-93036-2/,"Oxnard, California"
Behavior Frontiers - WIL,https://www.bhcoe.org/aba-therapy/behavior-frontiers-wilmington-delaware-19801/,"Wilmington, Delaware"
"Behavior Interventions - Cherry Hill, NJ",https://www.bhcoe.org/aba-therapy/behavior-interventions-cherry-hill-new-jersey-8034/,"Cherry Hill, New Jersey"
"Behavior Interventions - Dover, Delaware",https://www.bhcoe.org/aba-therapy/behavior-interventions-dover-delaware-19904/,"Dover, Delaware"
"Behavior Interventions - Elizabethtown, PA",https://www.bhcoe.org/aba-therapy/behavior-interventions-elizabethtown-pennsylvania-17022/,"Elizabethtown, Pennsylvania"
"Behavior Interventions - King of Prussia, PA",https://www.bhcoe.org/aba-therapy/behavior-interventions-king-of-prussia-pennsylvania-19406/,"King of Prussia, Pennsylvania"
"Behavior Interventions - Philadelphia, PA",https://www.bhcoe.org/aba-therapy/behavior-interventions-philadelphia-pennsylvania-19107/,"Philadelphia, Pennsylvania"
"Behavior Interventions - Willow Grove, PA",https://www.bhcoe.org/aba-therapy/behavior-interventions-willow-grove-pennsylvania-19090/,"Willow Grove, Pennsylvania"
"Behavior Interventions - Woodbury, NJ",https://www.bhcoe.org/aba-therapy/behavior-interventions-woodbury-new-jersey-8096/,"Woodbury, New Jersey"
Behavior Modification Solutions ABA - Florida,https://www.bhcoe.org/aba-therapy/behavior-modification-solutions-aba-ocala-florida-34474/,"Ocala, Florida"
Behavior Modification Solutions ABA - Texas,https://www.bhcoe.org/aba-therapy/behavior-modification-solutions-aba-mcallen-texas-78504/,"McAllen, Texas"
Behavior Solutions Inc.,https://www.bhcoe.org/aba-therapy/behavior-solutions-inc-miller-place-new-york-11764-2/,"Miller Place, New York"
Behavior Solutions New York,https://www.bhcoe.org/aba-therapy/behavior-solutions-inc-miller-place-new-york-11764/,"Miller Place, New York"
BehaviorWorks ABA - Indiana,https://www.bhcoe.org/aba-therapy/behaviorworks-aba-indianapolis-indiana-46214/,"Indianapolis, Indiana"
Believing In Change,https://www.bhcoe.org/aba-therapy/believing-in-change-vista-california-92084/,"Vista, California"
Best Behavior LLC,https://www.bhcoe.org/aba-therapy/best-behavior-llc-redding-california-96001/,"Redding, California"
Beyond Autism Services,https://www.bhcoe.org/aba-therapy/beyond-autism-services-media-pennsylvania-19063/,"Media, Pennsylvania"
Beyond the Individual - Overland Park,https://www.bhcoe.org/aba-therapy/beyond-the-individual-overland-park-kansas-66212/,"Overland Park, Kansas"
Blue Balloon MD,https://www.bhcoe.org/aba-therapy/blue-balloon-aba-owings-mill-maryland-21117/,"Owings Mill, Maryland"
BlueMind Therapy,https://www.bhcoe.org/aba-therapy/bluemind-therapy-ann-arbor-michigan-48104/,"Ann Arbor, Michigan"
"Blue Sky Behavior Therapy, LLC - Brookhaven",https://www.bhcoe.org/aba-therapy/blue-sky-behavior-therapy-llc-brookhaven-mississippi-39601/,"Brookhaven, Mississippi"
"Blue Sky Behavior Therapy, LLC - Ridgeland",https://www.bhcoe.org/aba-therapy/blue-sky-behavior-therapy-llc-ridgeland-mississippi-39157/,"Ridgeland, Mississippi"
"Blue Sky Behavior Therapy, LLC - Winona",https://www.bhcoe.org/aba-therapy/blue-sky-behavior-therapy-llc-winona-mississippi-38967/,"Winona, Mississippi"
Brady Behavior Analysis Georgia,https://www.bhcoe.org/aba-therapy/brady-behavior-analysis-roswell-georgia-30075/,"Roswell, Georgia"
Breaking Barriers Institute,https://www.bhcoe.org/aba-therapy/breaking-barriers-institute-rancho-cucamonga-california-91737/,"Rancho Cucamonga, California"
BrightBloom Centers,https://www.bhcoe.org/aba-therapy/brightbloom-centers-salisbury-maryland-21804/,"Salisbury, Maryland"
BrightBloom Centers,https://www.bhcoe.org/aba-therapy/brightbloom-centers-milford-delaware-19963/,"Milford, Delaware"
BrightBloom Centers,https://www.bhcoe.org/aba-therapy/brightbloom-centers-middletown-delaware-19709/,"Middletown, Delaware"
BrightBloom Centers,https://www.bhcoe.org/aba-therapy/brightbloom-centers-wilmington-delaware-19809/,"Wilmington, Delaware"
BrightBloom Centers,https://www.bhcoe.org/aba-therapy/brightbloom-centers-swedesboro-new-jersey-80875/,"Swedesboro, New Jersey"
Building Blocs,https://www.bhcoe.org/aba-therapy/building-blocs-austin-texas-78759/,"AUSTIN, Texas"
BX-OP,https://www.bhcoe.org/aba-therapy/bx-op-anchorage-alaska-99523/,"Anchorage, Alaska"
Cayman ABA,https://www.bhcoe.org/aba-therapy/cayman-aba-george-town-grand-cayman/,"George Town, Grand Cayman"
Center for Applied Behavioral Instruction - Clinic,https://www.bhcoe.org/aba-therapy/center-for-applied-behavioral-instruction-worcester-massachusetts-1607/,"Worcester, Massachusetts"
Center for Applied Behavioral Instruction - Massachusetts,https://www.bhcoe.org/aba-therapy/center-for-applied-behavioral-instruction-worchester-massachusetts-1607/,"Worchester, Massachusetts"
Center for Applied Behavioral Instruction - School,https://www.bhcoe.org/aba-therapy/center-for-applied-behavioral-instruction-worcester-massachusetts-1607-2/,"Worcester, Massachusetts"
Center for Social Dynamics - California,https://www.bhcoe.org/aba-therapy/center-for-social-dynamics-santa-ana-california-92705/,"Santa Ana, California"
Center for Social Dynamics - Hawaii,https://www.bhcoe.org/aba-therapy/center-for-social-dynamics-honolulu-hawaii-96813/,"Honolulu, Hawaii"
Center for Social Dynamics - Juvo - California,https://www.bhcoe.org/aba-therapy/center-for-social-dynamics-oakland-california-94606/,"Oakland, California"
Center for Social Dynamics - Oregon,https://www.bhcoe.org/aba-therapy/center-for-social-dynamics-portland-oregon-97223/,"Portland, Oregon"
Center for Social Dynamics - Rocky Mountain ABA - Colorado,https://www.bhcoe.org/aba-therapy/center-for-social-dynamics-greewood-village-colorado-80111/,"Greewood Village, Colorado"
