Name,Link,Location,Url
ABA Enhancement - IE Clinic,abaenhancement.com,"Riverside, California",https://www.bhcoe.org/aba-therapy/aba-enhancement-riverside-california-92507/
ABA Enhancement - OC Clinic,abaenhancement.com,"Fountain Valley, California",https://www.bhcoe.org/aba-therapy/aba-enhancement-fountain-valley-california-92708/
ABA Enhancement - TX Clinic,abaenhancement.com,"Fort Worth, Texas",https://www.bhcoe.org/aba-therapy/aba-enhancement-fort-worth-texas-76137/
ABA Experts Florida,www.abaexperts.net,"New Port Richey, Florida",https://www.bhcoe.org/aba-therapy/aba-experts-new-port-richey-florida-34652/
ABA Insight - Ann Arbor,www.abainsight.net,"Ann Arbor, Michigan",https://www.bhcoe.org/aba-therapy/aba-insight-ann-arbor-michigan-48103/
ABA Insight - Lansing,www.abainsight.net,"Lansing, Michigan",https://www.bhcoe.org/aba-therapy/aba-insight-lansing-michigan-48911/
ABA Insight - Monroe,www.abainsight.net,"Monroe, Michigan",https://www.bhcoe.org/aba-therapy/aba-insight-monroe-michigan-48161/
ABA Insight - Ypsilanti,www.abainsight.net,"Ypsilanti, Michigan",https://www.bhcoe.org/aba-therapy/aba-insight-ypsilanti-michigan-48197/
"ABA Kids Connection, Inc",www.abakidsconnection.com,"Orlando, Florida",https://www.bhcoe.org/aba-therapy/aba-kids-connection-inc-orlando-florida-32809/
"ABA Kids Connection, Inc",www.abakidsconnection.com,"Tampa, Florida",https://www.bhcoe.org/aba-therapy/aba-kids-connection-inc-tampa-florida-33618/
ABA Logic,www.abalogic.org,"Plymouth, Massachusetts",https://www.bhcoe.org/aba-therapy/aba-logic-plymouth-massachusetts-2360/
"ABA Solutions, Inc.",abasolutions.com,"Largo, Florida",https://www.bhcoe.org/aba-therapy/aba-solutions-largo-florida-33773/
ABA Solutions - Bradenton Clinic,abasolutions.com,"Bradenton, Florida",https://www.bhcoe.org/aba-therapy/aba-solutions-bradenton-florida-34207/
ABA Solutions - New Jersey,abasolutions.com,"Fanwood, New Jersey",https://www.bhcoe.org/aba-therapy/aba-solutions-fanwood-new-jersey-07023/
ABA Solutions - Pinellas Clinic,abasolutions.com,"Clearwater, Florida",https://www.bhcoe.org/aba-therapy/aba-solutions-clearwater-florida-33762/
ABA Solutions - Tampa Clinic,abasolutions.com,"Tampa, Florida",https://www.bhcoe.org/aba-therapy/aba-solutions-tampa-florida-33604/
ABA Success Georgia,www.aba-success.com,"Acworth, Georgia",https://www.bhcoe.org/aba-therapy/aba-success-acworth-georgia-30101/
ABC Behavior Therapy - Tennessee,www.abcbehaviortherapy.com,"Cordova, Tennessee",https://www.bhcoe.org/aba-therapy/abc-behavior-therapy-cordova-tennessee-38018/
ABLE Home Health Care,www.ablehhc.com,"Westport, Connecticut",https://www.bhcoe.org/aba-therapy/able-home-health-care-westport-connecticut-6880/
ABLE Home Health Care,www.ablehhc.com,"Boston, Massachusetts",https://www.bhcoe.org/aba-therapy/able-home-health-care-boston-massachusetts-2114/
Autism & Behavior Services,autismbehaviorservices.org,"Chattanooga, Tennessee",https://www.bhcoe.org/aba-therapy/abs-llc-dba-autism-behavior-svcs-chattanooga-tennessee-37421/
ABS Kids,www.abskids.com,"Ventura, California",https://www.bhcoe.org/aba-therapy/abs-kids-ventura-california-93003/
ABS Kids,www.abskids.com,"Concord, North Carolina",https://www.bhcoe.org/aba-therapy/abs-kids-concord-north-carolina-28025/
ABS Kids,www.abskids.com,"San Diego, California",https://www.bhcoe.org/aba-therapy/abs-kids-san-diego-california-92108/
ABS Kids,www.abskids.com,"Salt Lake City, Utah",https://www.bhcoe.org/aba-therapy/abs-kids-salt-lake-city-utah-84129-2/
ABS Kids,www.abskids.com,"Greensboro, North Carolina",https://www.bhcoe.org/aba-therapy/abs-kids-greensboro-north-carolina-27410/
ABS Kids,www.abskids.com,"Gastonia, North Carolina",https://www.bhcoe.org/aba-therapy/abs-kids-gastonia-north-carolina-28054/
ABS Kids,www.abskids.com,"Charlotte, North Carolina",https://www.bhcoe.org/aba-therapy/abs-kids-charlotte-north-carolina-28211/
ABS Kids,www.abskids.com,"Wildomar, California",https://www.bhcoe.org/aba-therapy/abs-kids-wildomar-california-92595/
ABS Kids - California,www.abskids.com,"Rancho Cucamonga, California",https://www.bhcoe.org/aba-therapy/abs-kids-rancho-cucamonga-california-91730/
ABS Kids - Utah,www.abskids.com,"Salt Lake City, Utah",https://www.bhcoe.org/aba-therapy/abs-kids-salt-lake-city-utah-84129/
Abundant Life Family Services Pennsylvania,abundantlifefamilyservices.org/contact/,"Bala Cynwyd, Pennsylvania",https://www.bhcoe.org/aba-therapy/abundant-life-family-services-bala-cynwyd-pennsylvania-19004/
"Acorn Health - Alexandria, VA Landmark",acornhealth.com,"Alexandria, Virginia",https://www.bhcoe.org/aba-therapy/acorn-health-alexandria-virginia-22312/
"Acorn Health - Allegan, MI",acornhealth.com,"Allegan, Michigan",https://www.bhcoe.org/aba-therapy/acorn-health-allegan-michigan-49010/
"Acorn Health - Allentown, PA",acornhealth.com,"Allentown, Pennsylvania",https://www.bhcoe.org/aba-therapy/acorn-health-allentown-pennsylvania-18106/
"Acorn Health - Alpena, MI",acornhealth.com,"Alpena, Michigan",https://www.bhcoe.org/aba-therapy/acorn-health-alpena-michigan-49707/
"Acorn Health - Altamonte Springs, FL",acornhealth.com,"Altamonte Springs, Florida",https://www.bhcoe.org/aba-therapy/acorn-health-altamonte-springs-florida-32701/
"Acorn Health - Annapolis, MD",acornhealth.com,"Annapolis, Maryland",https://www.bhcoe.org/aba-therapy/acorn-health-annapolis-maryland-21401/
"Acorn Health - Ashburn, VA",acornhealth.com,"Ashburn, Virginia",https://www.bhcoe.org/aba-therapy/acorn-health-ashburn-virginia-20147/
"Acorn Health - Broomall, PA",acornhealth.com,"Broomall, Pennsylvania",https://www.bhcoe.org/aba-therapy/acorn-health-broomall-pennsylvania-19008/
"Acorn Health - Cadillac, MI",acornhealth.com,"Cadillac, Michigan",https://www.bhcoe.org/aba-therapy/acorn-health-cadillac-michigan-49601/
"Acorn Health - Championsgate, FL",acornhealth.com,"Championsgate, Florida",https://www.bhcoe.org/aba-therapy/acorn-health-championsgate-florida-33896/
"Acorn Health - Chantilly, VA",acornhealth.com,"Chantilly, Virginia",https://www.bhcoe.org/aba-therapy/acorn-health-chantilly-virginia-20151/
"Acorn Health - Charlottesville, VA",acornhealth.com,"Charlottesville, Virginia",https://www.bhcoe.org/aba-therapy/acorn-health-charlottesville-virginia-22901/
"Acorn Health - Chattanooga, TN",acornhealth.com,"Chattanooga, Tennessee",https://www.bhcoe.org/aba-therapy/acorn-health-chattanooga-tennessee-37421/
"Acorn Health - Clarkston, MI",acornhealth.com,"Independence Township, MI, Michigan",https://www.bhcoe.org/aba-therapy/acorn-health-independence-township-mi-michigan-48346/
"Acorn Health - Clarksville, TN",acornhealth.com,"Clarksville, Tennessee",https://www.bhcoe.org/aba-therapy/acorn-health-clarksville-tennessee-37042/
"Acorn Health - Cleveland, TN",acornhealth.com,"Cleveland, Tennessee",https://www.bhcoe.org/aba-therapy/acorn-health-cleveland-tennessee-37312/
"Acorn Health - Clinton Township, MI",acornhealth.com,"Clinton Township, Michigan",https://www.bhcoe.org/aba-therapy/acorn-health-clinton-township-michigan-48038/
"Acorn Health - Coldwater, MI",acornhealth.com,"Coldwater, Michigan",https://www.bhcoe.org/aba-therapy/acorn-health-coldwater-michigan-49036/
"Acorn Health - Columbia, MD",acornhealth.com,"Columbia, Maryland",https://www.bhcoe.org/aba-therapy/acorn-health-columbia-maryland-21046/
"Acorn Health - Cookeville, TN",acornhealth.com,"Cookeville, Tennessee",https://www.bhcoe.org/aba-therapy/acorn-health-cookeville-tennessee-38501/
"Acorn Health - Coral Gables, FL",acornhealth.com,"Coral Gables, Florida",https://www.bhcoe.org/aba-therapy/acorn-health-coral-gables-florida-33134/
"Acorn Health - Crofton, MD",acornhealth.com,"Crofton, Maryland",https://www.bhcoe.org/aba-therapy/acorn-health-crofton-maryland-21114/
"Acorn Health - East Orange, FL",acornhealth.com,"Orlando, Florida",https://www.bhcoe.org/aba-therapy/acorn-health-orlando-florida-32826/
"Acorn Health - Edwardsville, IL",acornhealth.com,"Edwardsville, Illinois",https://www.bhcoe.org/aba-therapy/acorn-health-edwardsville-illinois-62025/
"Acorn Health - Fairmount, PA",acornhealth.com,"Philadelphia, Pennsylvania",https://www.bhcoe.org/aba-therapy/acorn-health-philadelphia-pennsylvania-19130/
"Acorn Health - Franklin, TN",acornhealth.com,"Franklin, Tennessee",https://www.bhcoe.org/aba-therapy/acorn-health-franklin-tennessee-37067/
"Acorn Health - Frederick, MD",acornhealth.com,"Frederick, Maryland",https://www.bhcoe.org/aba-therapy/acorn-health-frederick-maryland-21701/
"Acorn Health - Gaylord, MI",acornhealth.com,"Gaylord, Michigan",https://www.bhcoe.org/aba-therapy/acorn-health-gaylord-michigan-49735/
"Acorn Health - Germantown, MD",acornhealth.com,"Germantown, Maryland",https://www.bhcoe.org/aba-therapy/acorn-health-germantown-maryland-20874/
"Acorn Health - Grand Rapids 36th St., MI",acornhealth.com,"Grand Rapids, Michigan",https://www.bhcoe.org/aba-therapy/acorn-health-grand-rapids-michigan-49548/
"Acorn Health - Grand Rapids East Paris, MI",acornhealth.com,"Grand Rapids, Michigan",https://www.bhcoe.org/aba-therapy/acorn-health-grand-rapids-michigan-49546/
"Acorn Health - Grand Rapids Kentwood, MI",acornhealth.com,"Kentwood, Michigan",https://www.bhcoe.org/aba-therapy/acorn-health-kentwood-michigan-49508/
"Acorn Health - Grandville, MI",acornhealth.com,"Grandville, Michigan",https://www.bhcoe.org/aba-therapy/acorn-health-grandville-michigan-49418/
"Acorn Health - Hendersonville, TN",acornhealth.com,"Hendersonville, Tennessee",https://www.bhcoe.org/aba-therapy/acorn-health-hendersonville-tennessee-37075/
"Acorn Health - Henrico, VA",acornhealth.com,"Henrico, Virginia",https://www.bhcoe.org/aba-therapy/acorn-health-henrico-virginia-23294/
"Acorn Health - Jerseyville, IL",acornhealth.com,"Jerseyville, Illinois",https://www.bhcoe.org/aba-therapy/acorn-health-jerseyville-illinois-62052/
"Acorn Health - Kalamazoo, MI",acornhealth.com,"Kalamazoo, Michigan",https://www.bhcoe.org/aba-therapy/acorn-health-kalamazoo-michigan-49009/
"Acorn Health - Kissimmee, FL",acornhealth.com,"Kissimmee, Florida",https://www.bhcoe.org/aba-therapy/acorn-health-kissimmee-florida-34741/
"Acorn Health - Knoxville, TN",acornhealth.com,"Knoxville, Tennessee",https://www.bhcoe.org/aba-therapy/acorn-health-knoxville-tennessee-37919/
"Acorn Health - Lakeland, FL",acornhealth.com,"Lakeland, Florida",https://www.bhcoe.org/aba-therapy/acorn-health-lakeland-florida-33803/
"Acorn Health - Lake Mary, Fl",acornhealth.com,"Lake Mary, Florida",https://www.bhcoe.org/aba-therapy/acorn-health-lake-mary-florida-32746/
"Acorn Health - Langhorne, PA",acornhealth.com,"Langhorne, Pennsylvania",https://www.bhcoe.org/aba-therapy/acorn-health-langhorne-pennsylvania-19047/
"Acorn Health - Lanham, MD",acornhealth.com,"Lanham, Maryland",https://www.bhcoe.org/aba-therapy/acorn-health-lanham-maryland-20706/
"Acorn Health - Lansing, MI",acornhealth.com,"Okemos, Michigan",https://www.bhcoe.org/aba-therapy/acorn-health-okemos-michigan-48864/
"Acorn Health - Livonia, MI",acornhealth.com,"Livonia, Michigan",https://www.bhcoe.org/aba-therapy/acorn-health-livonia-michigan-48150/
"Acorn Health - Longwood, FL",acornhealth.com,"Longwood, Florida",https://www.bhcoe.org/aba-therapy/acorn-health-longwood-florida-32750/
"Acorn Health - Lorton, VA",acornhealth.com,"Lorton, Virginia",https://www.bhcoe.org/aba-therapy/acorn-health-lorton-virginia-22079/
"Acorn Health - Mechanicsville, VA",acornhealth.com,"Mechanicsville, Virginia",https://www.bhcoe.org/aba-therapy/acorn-health-mechanicsville-virginia-23111/
"Acorn Health - Midlothian, VA",acornhealth.com,"Midlothian, Virginia",https://www.bhcoe.org/aba-therapy/acorn-health-midlothian-virginia-23112/
"Acorn Health - Miramar, FL",acornhealth.com,"Miramar, Florida",https://www.bhcoe.org/aba-therapy/acorn-health-miramar-florida-33025/
"Acorn Health - Murfreesboro, TN",acornhealth.com,"Murfreesboro, Tennessee",https://www.bhcoe.org/aba-therapy/acorn-health-murfreesboro-tennessee-37128/
"Acorn Health - Nashville, TN",acornhealth.com,"Nashville, Tennessee",https://www.bhcoe.org/aba-therapy/acorn-health-nashville-tennessee-37211/
"Acorn Health - North Baltimore, MD",acornhealth.com,"Baltimore, Maryland",https://www.bhcoe.org/aba-therapy/acorn-health-baltimore-maryland-21209/
"Acorn Health - Odenton, MD",acornhealth.com,"Odenton, Maryland",https://www.bhcoe.org/aba-therapy/acorn-health-odenton-maryland-21113/
"Acorn Health - Orlando, FL",acornhealth.com,"Orlando, Florida",https://www.bhcoe.org/aba-therapy/acorn-health-orlando-florida-32807/
"Acorn Health - Orlando, FL Downtown",acornhealth.com,"Orlando, Florida",https://www.bhcoe.org/aba-therapy/acorn-health-orlando-florida-32805/
"Acorn Health - Ostego, MI",acornhealth.com,"Otsego, Michigan",https://www.bhcoe.org/aba-therapy/acorn-health-otsego-michigan-49078/
"Acorn Health - Owings Mills, MD",acornhealth.com,"Owings Mills, Maryland",https://www.bhcoe.org/aba-therapy/acorn-health-owings-mills-maryland-21117/
"Acorn Health - Plymouth, MI",acornhealth.com,"Ann Arbor to Livonia MI, Michigan",https://www.bhcoe.org/aba-therapy/acorn-health-ann-arbor-to-livonia-mi-michigan-48170/
"Acorn Health - Riverview, FL",acornhealth.com,"Riverview, Florida",https://www.bhcoe.org/aba-therapy/acorn-health-riverview-florida-33578/
"Acorn Health - Rockford, MI",acornhealth.com,"Rockford, Michigan",https://www.bhcoe.org/aba-therapy/acorn-health-rockford-michigan-49341/
"Acorn Health - Saginaw, MI",acornhealth.com,"Saginaw, Michigan",https://www.bhcoe.org/aba-therapy/acorn-health-saginaw-michigan-48604/
"Acorn Health - Salem, VA",acornhealth.com,"Salem, Virginia",https://www.bhcoe.org/aba-therapy/acorn-health-salem-virginia-24153/
"Acorn Health - Scott Air Force Base, IL",acornhealth.com,"OFallon, Illinois",https://www.bhcoe.org/aba-therapy/acorn-health-ofallon-illinois-62269/
"Acorn Health - Severna Park, MD",acornhealth.com,"Severna Park, Maryland",https://www.bhcoe.org/aba-therapy/acorn-health-severna-park-maryland-21146/
"Acorn Health - Silver Spring, MD",acornhealth.com,"Silver Spring, Maryland",https://www.bhcoe.org/aba-therapy/acorn-health-silver-spring-maryland-20904/
Acorn Health - South FL,acornhealth.com,"Ft. Lauderdale to Northern Keys, Florida",https://www.bhcoe.org/aba-therapy/acorn-health-ft-lauderdale-to-northern-keys-florida-33301/
Acorn Health - St. Johns FL,acornhealth.com,"St. Johns, Florida",https://www.bhcoe.org/aba-therapy/acorn-health-st-johns-florida-32259/
"Acorn Health - Stafford, VA",acornhealth.com,"Stafford, Virginia",https://www.bhcoe.org/aba-therapy/acorn-health-stafford-virginia-22554/
"Acorn Health - Tampa, FL",acornhealth.com,"Tampa, Florida",https://www.bhcoe.org/aba-therapy/acorn-health-tampa-florida-33624/
"Acorn Health - Tawas, MI",acornhealth.com,"East Tawas, Michigan",https://www.bhcoe.org/aba-therapy/acorn-health-east-tawas-michigan-48730/
"Acorn Health - Traverse City, MI",acornhealth.com,"Traverse City, Michigan",https://www.bhcoe.org/aba-therapy/acorn-health-traverse-city-michigan-49686/
"Acorn Health - Upper Marlboro, MD",acornhealth.com,"Upper Marlboro, Maryland",https://www.bhcoe.org/aba-therapy/acorn-health-upper-marlboro-maryland-20772/
"Acorn Health - Virginia Beach, VA",acornhealth.com,"Virginia Beach, Virginia",https://www.bhcoe.org/aba-therapy/acorn-health-virginia-beach-virginia-23452/
"Acorn Health - West Bloomfield, MI",acornhealth.com,"West Bloomfield Township, Michigan",https://www.bhcoe.org/aba-therapy/acorn-health-west-bloomfield-township-michigan-48322/
"Acorn Health - Winchester, VA",acornhealth.com,"Winchester, Virginia",https://www.bhcoe.org/aba-therapy/acorn-health-winchester-virginia-22602/
"Acorn Health - Winter Garden, FL",acornhealth.com,"Winter Garden, Florida",https://www.bhcoe.org/aba-therapy/acorn-health-winter-garden-florida-34787/
"Acorn Health - Wytheville, VA",acornhealth.com,"Wytheville, Virginia",https://www.bhcoe.org/aba-therapy/acorn-health-wytheville-virginia-24382/
Action Behavior Centers,www.actionbehavior.com,"Scottsdale, Arizona",https://www.bhcoe.org/aba-therapy/action-behavior-centers-scottsdale-arizona-85254-2/
Action Behavior Centers (ABC) - Texas,www.actionbehavior.com,"Austin, Texas",https://www.bhcoe.org/aba-therapy/action-behavior-centers-austin-texas-78758/
Action Behavior Centers Ahwatukee - Phoenix,www.actionbehavior.com,"Phoenix, Arizona",https://www.bhcoe.org/aba-therapy/action-behavior-centers-phoenix-arizona-85044-2/
Action Behavior Centers Ahwatukee - Phoenix,www.actionbehavior.com,"Phoenix, Arizona",https://www.bhcoe.org/aba-therapy/action-behavior-centers-phoenix-arizona-85044/
Action Behavior Centers Alamo Ranch - San Antonio,www.actionbehavior.com,"San Antonio, Texas",https://www.bhcoe.org/aba-therapy/action-behavior-centers-san-antonio-texas-78253/
Action Behavior Centers Allen - DFW,www.actionbehavior.com,"Allen, Texas",https://www.bhcoe.org/aba-therapy/action-behavior-centers-allen-texas-75013-2/
Action Behavior Centers Allen Expansion - DFW,www.actionbehavior.com,"Allen, Texas",https://www.bhcoe.org/aba-therapy/action-behavior-centers-allen-texas-75013-3/
Action Behavior Centers Apex - Triangle,www.actionbehavior.com,"Apex, North Carolina",https://www.bhcoe.org/aba-therapy/action-behavior-centers-apex-north-carolina-27502/
Action Behavior Centers Arrowhead Ranch - Phoenix,www.actionbehavior.com,"Glendale, Arizona",https://www.bhcoe.org/aba-therapy/action-behavior-centers-glendale-arizona-85308/
Action Behavior Centers Arrowhead Ranch 2.0 - Phoenix,www.actionbehavior.com,"Glendale, Arizona",https://www.bhcoe.org/aba-therapy/action-behavior-centers-glendale-arizona-85308-2/
Action Behavior Centers Arrowhead Ranch Expansion - Phoenix,www.actionbehavior.com,"Glendale, Arizona",https://www.bhcoe.org/aba-therapy/action-behavior-centers-glendale-arizona-85308-3/
Action Behavior Centers Atascocita - Houston,www.actionbehavior.com,"Humble, Texas",https://www.bhcoe.org/aba-therapy/action-behavior-centers-humble-texas-77346/
Action Behavior Centers Atascocita Expansion Houston,www.actionbehavior.com,"Humble, Texas",https://www.bhcoe.org/aba-therapy/action-behavior-centers-humble-texas-77346-2/
Action Behavior Centers Aurora South - Denver,www.actionbehavior.com,"Aurora, Colorado",https://www.bhcoe.org/aba-therapy/action-behavior-centers-aurora-colorado-80013/
Action Behavior Centers Austin at Home - Austin,www.actionbehavior.com,"Austin, Texas",https://www.bhcoe.org/aba-therapy/action-behavior-centers-austin-texas-78749/
Action Behavior Centers Avondale - DFW,www.actionbehavior.com,"Fort Worth, Texas",https://www.bhcoe.org/aba-therapy/action-behavior-centers-fort-worth-texas-76131/
Action Behavior Centers Barker Cypress - Houston,www.actionbehavior.com,"Cypress, Texas",https://www.bhcoe.org/aba-therapy/action-behavior-centers-cypress-texas-77433-2/
Action Behavior Centers Beckwith - Houston,www.actionbehavior.com,"San Antonio, Texas",https://www.bhcoe.org/aba-therapy/action-behavior-centers-san-antonio-texas-78249-3/
Action Behavior Centers Beckwith - San Antonio,www.actionbehavior.com,"San Antonio, Texas",https://www.bhcoe.org/aba-therapy/action-behavior-centers-san-antonio-texas-78249-4/
Action Behavior Centers Bee Cave - Austin,www.actionbehavior.com,"Bee Cave, Texas",https://www.bhcoe.org/aba-therapy/action-behavior-centers-bee-cave-texas-78738/
Action Behavior Centers Bellaire - Houston,www.actionbehavior.com,"Houston, Texas",https://www.bhcoe.org/aba-therapy/action-behavior-centers-houston-texas-77081/
Action Behavior Centers Benbrook - DFW,www.actionbehavior.com,"Benbrook, Texas",https://www.bhcoe.org/aba-therapy/action-behavior-centers-benbrook-texas-76132/
Action Behavior Centers Benbrook Expansion - DFW,www.actionbehavior.com,"Fort Worth, Texas",https://www.bhcoe.org/aba-therapy/action-behavior-centers-fort-worth-texas-76109-2/
Action Behavior Centers Benbrook Hulen - DFW,www.actionbehavior.com,"Fort Worth, Texas",https://www.bhcoe.org/aba-therapy/action-behavior-centers-fort-worth-texas-76109/
Action Behavior Centers Big Country / West SA - San Antonio,www.actionbehavior.com,"San Antonio, Texas",https://www.bhcoe.org/aba-therapy/action-behavior-centers-san-antonio-texas-78245/
Action Behavior Centers Brighton - Denver,www.actionbehavior.com,"Brighton, Colorado",https://www.bhcoe.org/aba-therapy/action-behavior-centers-brighton-colorado-80601/
Action Behavior Centers Broomfield - Denver,www.actionbehavior.com,"Broomfield, Colorado",https://www.bhcoe.org/aba-therapy/action-behavior-centers-broomfield-colorado-80020/
Action Behavior Centers Buda - San Antonio,www.actionbehavior.com,"Buda, Texas",https://www.bhcoe.org/aba-therapy/action-behavior-centers-buda-texas-78610/
Action Behavior Centers Burleson - DFW,www.actionbehavior.com,"Fort Worth, Texas",https://www.bhcoe.org/aba-therapy/action-behavior-centers-fort-worth-texas-76028/
Action Behavior Centers Burr Ridge - Chicago,www.actionbehavior.com,"Burr Ridge, Illinois",https://www.bhcoe.org/aba-therapy/action-behavior-centers-burr-ridge-illinois-60527/
Action Behavior Centers Cedar Park - Austin,www.actionbehavior.com,"Austin, Texas",https://www.bhcoe.org/aba-therapy/action-behavior-centers-austin-texas-78729/
Action Behavior Centers Cedar Park 2.0 - Austin,www.actionbehavior.com,"Austin, Texas",https://www.bhcoe.org/aba-therapy/action-behavior-centers-austin-texas-78729-2/
Action Behavior Centers Cedar Park 3.0 - Austin,www.actionbehavior.com,"Austin, Texas",https://www.bhcoe.org/aba-therapy/action-behavior-centers-austin-texas-78729-3/
Action Behavior Centers Cedar Park Whitestone - Austin,www.actionbehavior.com,"Cedar Park, Texas",https://www.bhcoe.org/aba-therapy/action-behavior-centers-cedar-park-texas-78613-2/
Action Behavior Centers Centennial/DTC - Denver,www.actionbehavior.com,"Centennial, Colorado",https://www.bhcoe.org/aba-therapy/action-behavior-centers-centennial-colorado-80111/
Action Behavior Centers Central Broomfield - Denver,www.actionbehavior.com,"Broomfield, Colorado",https://www.bhcoe.org/aba-therapy/action-behavior-centers-broomfield-colorado-80023/
Action Behavior Centers Central Flower Mound - DFW,www.actionbehavior.com,"Flower Mound, Texas",https://www.bhcoe.org/aba-therapy/action-behavior-centers-flower-mound-texas-75022/
Action Behavior Centers Chandler - Phoenix,www.actionbehavior.com,"Chandler, Arizona",https://www.bhcoe.org/aba-therapy/action-behavior-centers-chandler-arizona-85226/
Action Behavior Centers Chandler 2.0 - Phoenix,www.actionbehavior.com,"Chandler, Arizona",https://www.bhcoe.org/aba-therapy/action-behavior-centers-chandler-arizona-85226-3/
Action Behavior Centers Chandler Downtown - Phoenix,www.actionbehavior.com,"Chandler, Arizona",https://www.bhcoe.org/aba-therapy/action-behavior-centers-chandler-arizona-85225/
Action Behavior Centers Chandler Training Site - Phoenix,www.actionbehavior.com,"Chandler, Arizona",https://www.bhcoe.org/aba-therapy/action-behavior-centers-chandler-arizona-85226-2/
Action Behavior Centers Chicago at Home - Chicago,www.actionbehavior.com,"Naperville, Illinois",https://www.bhcoe.org/aba-therapy/action-behavior-centers-naperville-illinois-60563/
Action Behavior Centers Cibolo - San Antonio,www.actionbehavior.com,"Cibolo, Texas",https://www.bhcoe.org/aba-therapy/action-behavior-centers-cibolo-texas-78108/
Action Behavior Centers Colleyville - DFW,www.actionbehavior.com,"North Richland Hills, Texas",https://www.bhcoe.org/aba-therapy/action-behavior-centers-north-richland-hills-texas-76182-3/
Action Behavior Centers Coppell - DFW,www.actionbehavior.com,"Coppell, Texas",https://www.bhcoe.org/aba-therapy/action-behavior-centers-coppell-texas-75019/
Action Behavior Centers CP Arrow Point - Austin,www.actionbehavior.com,"Cedar Park, Texas",https://www.bhcoe.org/aba-therapy/action-behavior-centers-cedar-park-texas-78613/
Action Behavior Centers Cypress - Houston,www.actionbehavior.com,"Cypress, Texas",https://www.bhcoe.org/aba-therapy/action-behavior-centers-cypress-texas-77429/
Action Behavior Centers Cypress 2.0 - Houston,www.actionbehavior.com,"Cypress, Texas",https://www.bhcoe.org/aba-therapy/action-behavior-centers-cypress-texas-77433/
Action Behavior Centers Cypress Bridgeland Expansion - Houston,www.actionbehavior.com,"Cypress, Texas",https://www.bhcoe.org/aba-therapy/action-behavior-centers-cypress-texas-77433-3/
Action Behavior Centers Dallas at Home - DFW,www.actionbehavior.com,"North Richland Hills, Texas",https://www.bhcoe.org/aba-therapy/action-behavior-centers-north-richland-hills-texas-76182-2/
Action Behavior Centers Deer Valley - Phoenix,www.actionbehavior.com,"Phoenix, Arizona",https://www.bhcoe.org/aba-therapy/action-behavior-centers-phoenix-arizona-85024/
Action Behavior Centers DFW Academy 1 - DFW,www.actionbehavior.com,"Allen, Texas",https://www.bhcoe.org/aba-therapy/action-behavior-centers-allen-texas-75013/
Action Behavior Centers Duncanville - DFW,www.actionbehavior.com,"Duncanville, Texas",https://www.bhcoe.org/aba-therapy/action-behavior-centers-duncanville-texas-75137/
Action Behavior Centers East Arrowhead Ranch - Phoenix,www.actionbehavior.com,"Glendale, Arizona",https://www.bhcoe.org/aba-therapy/action-behavior-centers-glendale-arizona-85306/
Action Behavior Centers East Mesa - Phoenix,www.actionbehavior.com,"Mesa, Arizona",https://www.bhcoe.org/aba-therapy/action-behavior-centers-mesa-arizona-85205/
Action Behavior Centers East Pflugerville - Austin,www.actionbehavior.com,"Pflugerville, Texas",https://www.bhcoe.org/aba-therapy/action-behavior-centers-pflugerville-texas-78660/
Action Behavior Centers East Tucson - Tucson,www.actionbehavior.com,"Tucson, Arizona",https://www.bhcoe.org/aba-therapy/action-behavior-centers-tucson-arizona-85715/
Action Behavior Centers Elgin - Chicago,www.actionbehavior.com,"Elgin, Illinois",https://www.bhcoe.org/aba-therapy/action-behavior-centers-elgin-illinois-60123/
Action Behavior Centers Energy Corridor - Houston,www.actionbehavior.com,"Houston, Texas",https://www.bhcoe.org/aba-therapy/action-behavior-centers-houston-texas-77079/
Action Behavior Centers Euless - DFW,www.actionbehavior.com,"Euless, Texas",https://www.bhcoe.org/aba-therapy/action-behavior-centers-euless-texas-76040/
Action Behavior Centers Far West 1.0 and 2.0 - San Antonio,www.actionbehavior.com,"San Antonio, Texas",https://www.bhcoe.org/aba-therapy/action-behavior-centers-san-antonio-texas-78251/
Action Behavior Centers Far West 2.0 - San Antonio,www.actionbehavior.com,"San Antonio, Texas",https://www.bhcoe.org/aba-therapy/action-behavior-centers-san-antonio-texas-78251-3/
Action Behavior Centers Flower Mound - DFW,www.actionbehavior.com,"Flower Mound, Texas",https://www.bhcoe.org/aba-therapy/action-behavior-centers-flower-mound-texas-75028/
Action Behavior Centers Fort Collins - Denver,www.actionbehavior.com,"Fort Collins, Colorado",https://www.bhcoe.org/aba-therapy/action-behavior-centers-fort-collins-colorado-80525-2/
Action Behavior Centers Fort Collins Eastbrook - Denver,www.actionbehavior.com,"Fort Collins, Colorado",https://www.bhcoe.org/aba-therapy/action-behavior-centers-fort-collins-colorado-80525/
Action Behavior Centers Fort Worth at Home - DFW,www.actionbehavior.com,"North Richland Hills, Texas",https://www.bhcoe.org/aba-therapy/action-behavior-centers-north-richland-hills-texas-76182/
Action Behavior Centers Fort Worth Chisholm Trail - DFW,www.actionbehavior.com,"Fort Worth, Texas",https://www.bhcoe.org/aba-therapy/action-behavior-centers-fort-worth-texas-76132/
Action Behavior Centers Four Points - Austin,www.actionbehavior.com,"Austin, Texas",https://www.bhcoe.org/aba-therapy/action-behavior-centers-austin-texas-78726/
Action Behavior Centers Frankfort - Chicago,www.actionbehavior.com,"Frankfort, Illinois",https://www.bhcoe.org/aba-therapy/action-behavior-centers-frankfort-illinois-60423/
Action Behavior Centers Frisco 1.0 and 3.0 - DFW,www.actionbehavior.com,"Frisco, Texas",https://www.bhcoe.org/aba-therapy/action-behavior-centers-frisco-texas-75034/
Action Behavior Centers Frisco 2.0 - DFW,www.actionbehavior.com,"Frisco, Texas",https://www.bhcoe.org/aba-therapy/action-behavior-centers-frisco-texas-75034-2/
Action Behavior Centers Georgetown - Austin,www.actionbehavior.com,"Georgetown, Texas",https://www.bhcoe.org/aba-therapy/action-behavior-centers-georgetown-texas-78628/
Action Behavior Centers Gilbert - Phoenix,www.actionbehavior.com,"Gilbert, Arizona",https://www.bhcoe.org/aba-therapy/action-behavior-centers-gilbert-arizona-85295/
Action Behavior Centers Gilbert 2.0 - Phoenix,www.actionbehavior.com,"Gilbert, Arizona",https://www.bhcoe.org/aba-therapy/action-behavior-centers-gilbert-arizona-85295-2/
Action Behavior Centers Gilbert Expansion Site - Phoenix,www.actionbehavior.com,"Gilbert, Arizona",https://www.bhcoe.org/aba-therapy/action-behavior-centers-gilbert-arizona-85295-3/
Action Behavior Centers Glendale - Phoenix,www.actionbehavior.com,"Phoenix, Arizona",https://www.bhcoe.org/aba-therapy/action-behavior-centers-phoenix-arizona-85033/
Action Behavior Centers Goodyear - Phoenix,www.actionbehavior.com,"Goodyear, Arizona",https://www.bhcoe.org/aba-therapy/action-behavior-centers-goodyear-arizona-85395/
Action Behavior Centers Grapevine - DFW,www.actionbehavior.com,"Grapevine, Texas",https://www.bhcoe.org/aba-therapy/action-behavior-centers-grapevine-texas-76051/
Action Behavior Centers Greatwood - Houston,www.actionbehavior.com,"Sugar Land, Texas",https://www.bhcoe.org/aba-therapy/action-behavior-centers-sugar-land-texas-77479-3/
Action Behavior Centers Greeley - Denver,www.actionbehavior.com,"Greeley, Colorado",https://www.bhcoe.org/aba-therapy/action-behavior-centers-greeley-colorado-80634/
Action Behavior Centers Green Valley Ranch - Denver,www.actionbehavior.com,"Denver, Colorado",https://www.bhcoe.org/aba-therapy/action-behavior-centers-denver-colorado-80249/
Action Behavior Centers Helotes - San Antonio,www.actionbehavior.com,"San Antonio, Texas",https://www.bhcoe.org/aba-therapy/action-behavior-centers-san-antonio-texas-78249-2/
Action Behavior Centers Highlands Ranch - Denver,www.actionbehavior.com,"Highlands Ranch, Colorado",https://www.bhcoe.org/aba-therapy/action-behavior-centers-highlands-ranch-colorado-80129/
Action Behavior Centers Highlands Ranch Expansion - Denver,www.actionbehavior.com,"Highlands Ranch, Colorado",https://www.bhcoe.org/aba-therapy/action-behavior-centers-highlands-ranch-colorado-80129-2/
Action Behavior Centers Houston at Home - Houston,www.actionbehavior.com,"Houston, Texas",https://www.bhcoe.org/aba-therapy/action-behavior-centers-houston-texas-77024/
Action Behavior Centers Humble - Houston,www.actionbehavior.com,"Humble, Texas",https://www.bhcoe.org/aba-therapy/action-behavior-centers-humble-texas-77338/
Action Behavior Centers Hutto - Austin,www.actionbehavior.com,"Hutto, Texas",https://www.bhcoe.org/aba-therapy/action-behavior-centers-hutto-texas-78634/
Action Behavior Centers Irving - DFW,www.actionbehavior.com,"Irving, Texas",https://www.bhcoe.org/aba-therapy/action-behavior-centers-irving-texas-75039/
Action Behavior Centers Irving 2.0 - DFW,www.actionbehavior.com,"Irving, Texas",https://www.bhcoe.org/aba-therapy/action-behavior-centers-irving-texas-75039-2/
Action Behavior Centers Katy - Cinco Ranch 2.0 - Houston,www.actionbehavior.com,"Katy, Texas",https://www.bhcoe.org/aba-therapy/action-behavior-centers-katy-texas-77494-2/
Action Behavior Centers Katy - Fry Road - Houston,www.actionbehavior.com,"Katy, Texas",https://www.bhcoe.org/aba-therapy/action-behavior-centers-katy-texas-77449-2/
Action Behavior Centers Katy 1.0 and 2.0 - Houston,www.actionbehavior.com,"Katy, Texas",https://www.bhcoe.org/aba-therapy/action-behavior-centers-katy-texas-77494/
Action Behavior Centers Katy Fry Road - Houston,www.actionbehavior.com,"Katy, Texas",https://www.bhcoe.org/aba-therapy/action-behavior-centers-katy-texas-77449/
Action Behavior Centers Keller - DFW,www.actionbehavior.com,"Keller, Texas",https://www.bhcoe.org/aba-therapy/action-behavior-centers-keller-texas-76244/
Action Behavior Centers Kingwood Northpark - Houston,www.actionbehavior.com,"Kingwood, Texas",https://www.bhcoe.org/aba-therapy/action-behavior-centers-kingwood-texas-77339/
Action Behavior Centers Kramer - Austin,www.actionbehavior.com,"Austin, Texas",https://www.bhcoe.org/aba-therapy/action-behavior-centers-austin-texas-78758-2/
Action Behavior Centers Kramer 2.0 - Austin,www.actionbehavior.com,"Austin, Texas",https://www.bhcoe.org/aba-therapy/action-behavior-centers-austin-texas-78758-3/
Action Behavior Centers Kyle - San Antonio,www.actionbehavior.com,"Kyle, Texas",https://www.bhcoe.org/aba-therapy/action-behavior-centers-kyle-texas-78640/
Action Behavior Centers Lakeway - Austin,www.actionbehavior.com,"Lakeway, Texas",https://www.bhcoe.org/aba-therapy/action-behavior-centers-lakeway-texas-78734/
Action Behavior Centers Lakewood - Denver,www.actionbehavior.com,"Lakewood, Colorado",https://www.bhcoe.org/aba-therapy/action-behavior-centers-lakewood-colorado-80235/
Action Behavior Centers League City - Houston,www.actionbehavior.com,"League City, Texas",https://www.bhcoe.org/aba-therapy/action-behavior-centers-league-city-texas-77573/
Action Behavior Centers League City Bridge Site - Houston,www.actionbehavior.com,"League City, Texas",https://www.bhcoe.org/aba-therapy/action-behavior-centers-league-city-texas-77573-2/
Action Behavior Centers Leander - Austin,www.actionbehavior.com,"Leander, Texas",https://www.bhcoe.org/aba-therapy/action-behavior-centers-leander-texas-78641/
Action Behavior Centers Leon Springs - San Antonio,www.actionbehavior.com,"San Antonio, Texas",https://www.bhcoe.org/aba-therapy/action-behavior-centers-san-antonio-texas-78257/
Action Behavior Centers Lewisville - DFW,www.actionbehavior.com,"Lewisville, Texas",https://www.bhcoe.org/aba-therapy/action-behavior-centers-lewisville-texas-75067/
Action Behavior Centers Lincolnwood - Chicago,www.actionbehavior.com,"Lincolnwood, Illinois",https://www.bhcoe.org/aba-therapy/action-behavior-centers-lincolnwood-illinois-60712/
Action Behavior Centers Litchfield Park - Phoenix,www.actionbehavior.com,"Avondale, Arizona",https://www.bhcoe.org/aba-therapy/action-behavior-centers-avondale-arizona-85392/
Action Behavior Centers Litchfield Park 2.0 - Phoenix,www.actionbehavior.com,"Avondale, Arizona",https://www.bhcoe.org/aba-therapy/action-behavior-centers-avondale-arizona-85392-2/
Action Behavior Centers Litchfield Park Expansion (B) - Phoenix,www.actionbehavior.com,"Avondale, Arizona",https://www.bhcoe.org/aba-therapy/action-behavior-centers-avondale-arizona-85392-5/
Action Behavior Centers Litchfield Park Expansion - Phoenix,www.actionbehavior.com,"Avondale, Arizona",https://www.bhcoe.org/aba-therapy/action-behavior-centers-avondale-arizona-85392-4/
Action Behavior Centers Littleton - Denver,www.actionbehavior.com,"Littleton, Colorado",https://www.bhcoe.org/aba-therapy/action-behavior-centers-littleton-colorado-80120/
Action Behavior Centers Lombard - Chicago,www.actionbehavior.com,"Lombard, Illinois",https://www.bhcoe.org/aba-therapy/action-behavior-centers-lombard-illinois-60148/
Action Behavior Centers Lone Tree - Denver,www.actionbehavior.com,"Lone Tree, Colorado",https://www.bhcoe.org/aba-therapy/action-behavior-centers-lone-tree-colorado-80124/
Action Behavior Centers Longmont - Denver,www.actionbehavior.com,"Longmont, Colorado",https://www.bhcoe.org/aba-therapy/action-behavior-centers-longmont-colorado-80501/
Action Behavior Centers Manor - Austin,www.actionbehavior.com,"Manor, Texas",https://www.bhcoe.org/aba-therapy/action-behavior-centers-manor-texas-78653/
Action Behavior Centers Mansfield - DFW,www.actionbehavior.com,"Mansfield, Texas",https://www.bhcoe.org/aba-therapy/action-behavior-centers-mansfield-texas-76063/
Action Behavior Centers Mansfield 2.0 - DFW,www.actionbehavior.com,"Mansfield, Texas",https://www.bhcoe.org/aba-therapy/action-behavior-centers-mansfield-texas-76063-2/
Action Behavior Centers Mansfield Expansion - DFW,www.actionbehavior.com,"Mansfield, Texas",https://www.bhcoe.org/aba-therapy/action-behavior-centers-mansfield-texas-76063-3/
Action Behavior Centers Maple Grove - Minnesota,www.actionbehavior.com,"Maple Grove, Minnesota",https://www.bhcoe.org/aba-therapy/action-behavior-centers-maple-grove-minnesota-55311/
Action Behavior Centers McKinney - DFW,www.actionbehavior.com,"McKinney, Texas",https://www.bhcoe.org/aba-therapy/action-behavior-centers-mckinney-texas-75071-2/
Action Behavior Centers McKinney Craig Ranch - DFW,www.actionbehavior.com,"McKinney, Texas",https://www.bhcoe.org/aba-therapy/action-behavior-centers-mckinney-texas-75070/
Action Behavior Centers Melissa - DFW,www.actionbehavior.com,"Melissa, Texas",https://www.bhcoe.org/aba-therapy/action-behavior-centers-melissa-texas-75454/
Action Behavior Centers Memorial - Houston,www.actionbehavior.com,"Houston, Texas",https://www.bhcoe.org/aba-therapy/action-behavior-centers-houston-texas-77024-2/
Action Behavior Centers Midlothian - DFW,www.actionbehavior.com,"Midlothian, Texas",https://www.bhcoe.org/aba-therapy/action-behavior-centers-midlothian-texas-76065/
Action Behavior Centers Mills Branch - Houston,www.actionbehavior.com,"Kingwood, Texas",https://www.bhcoe.org/aba-therapy/action-behavior-centers-kingwood-texas-77345/
Action Behavior Centers Naperville - Chicago,www.actionbehavior.com,"Naperville, Illinois",https://www.bhcoe.org/aba-therapy/action-behavior-centers-naperville-illinois-60563-2/
Action Behavior Centers NASA - Houston,www.actionbehavior.com,"Houston, Texas",https://www.bhcoe.org/aba-therapy/action-behavior-centers-houston-texas-77058/
Action Behavior Centers New Braunfels - San Antonio,www.actionbehavior.com,"New Braunfels, Texas",https://www.bhcoe.org/aba-therapy/action-behavior-centers-new-braunfels-texas-78130/
Action Behavior Centers New Braunfels Rio - San Antonio,www.actionbehavior.com,"New Braunfels, Texas",https://www.bhcoe.org/aba-therapy/action-behavior-centers-new-braunfels-texas-78130-2/
Action Behavior Centers North Carrollton - DFW,www.actionbehavior.com,"Carrollton, Texas",https://www.bhcoe.org/aba-therapy/action-behavior-centers-carrollton-texas-75007/
Action Behavior Centers North Conroe - Houston,www.actionbehavior.com,"Conroe, Texas",https://www.bhcoe.org/aba-therapy/action-behavior-centers-conroe-texas-77304/
Action Behavior Centers North East Round Rock - Austin,www.actionbehavior.com,"Round Rock, Texas",https://www.bhcoe.org/aba-therapy/action-behavior-centers-round-rock-texas-78665/
Action Behavior Centers North Fort Worth - DFW,www.actionbehavior.com,"Fort Worth, Texas",https://www.bhcoe.org/aba-therapy/action-behavior-centers-fort-worth-texas-76177/
Action Behavior Centers North Frisco - DFW,www.actionbehavior.com,"Frisco, Texas",https://www.bhcoe.org/aba-therapy/action-behavior-centers-frisco-texas-75033/
Action Behavior Centers North Gilbert - Phoenix,www.actionbehavior.com,"Gilbert, Arizona",https://www.bhcoe.org/aba-therapy/action-behavior-centers-gilbert-arizona-85234/
Action Behavior Centers Northlake - DFW,www.actionbehavior.com,"Argyle, Texas",https://www.bhcoe.org/aba-therapy/action-behavior-centers-argyle-texas-76226/
Action Behavior Centers North Mansfield - DFW,www.actionbehavior.com,"Arlington, Texas",https://www.bhcoe.org/aba-therapy/action-behavior-centers-arlington-texas-76002/
Action Behavior Centers North McKinney - DFW,www.actionbehavior.com,"McKinney, Texas",https://www.bhcoe.org/aba-therapy/action-behavior-centers-mckinney-texas-75071/
Action Behavior Centers North Phoenix - Phoenix,www.actionbehavior.com,"Phoenix, Arizona",https://www.bhcoe.org/aba-therapy/action-behavior-centers-phoenix-arizona-85032/
Action Behavior Centers North Plano - DFW,www.actionbehavior.com,"Plano, Texas",https://www.bhcoe.org/aba-therapy/action-behavior-centers-plano-texas-75025/
Action Behavior Centers North Plano Expansion - DFW,www.actionbehavior.com,"Plano, Texas",https://www.bhcoe.org/aba-therapy/action-behavior-centers-plano-texas-75025-2/
Action Behavior Centers North Queen Creek - Phoenix,www.actionbehavior.com,"Queen Creek, Arizona",https://www.bhcoe.org/aba-therapy/action-behavior-centers-queen-creek-arizona-85142/
Action Behavior Centers North Richardson - DFW,www.actionbehavior.com,"Richardson, Texas",https://www.bhcoe.org/aba-therapy/action-behavior-centers-richardson-texas-75082/
Action Behavior Centers North Scottsdale - Phoenix,www.actionbehavior.com,"Scottsdale, Arizona",https://www.bhcoe.org/aba-therapy/action-behavior-centers-scottsdale-arizona-85255/
Action Behavior Centers North Shadow Creek - Houston,www.actionbehavior.com,"Pearland, Texas",https://www.bhcoe.org/aba-therapy/action-behavior-centers-pearland-texas-77584-2/
Action Behavior Centers North Stone Oak - San Antonio,www.actionbehavior.com,"San Antonio, Texas",https://www.bhcoe.org/aba-therapy/action-behavior-centers-san-antonio-texas-78258/
Action Behavior Centers North Sugar Land - Houston,www.actionbehavior.com,"Sugar Land, Texas",https://www.bhcoe.org/aba-therapy/action-behavior-centers-sugar-land-texas-77498-2/
Action Behavior Centers North Tucson - Tucson,www.actionbehavior.com,"Tucson, Arizona",https://www.bhcoe.org/aba-therapy/action-behavior-centers-tucson-arizona-85704/
Action Behavior Centers Northwest Tucson - Tucson,www.actionbehavior.com,"Tucson, Arizona",https://www.bhcoe.org/aba-therapy/action-behavior-centers-tucson-arizona-85741/
Action Behavior Centers Old Settlers - Austin,www.actionbehavior.com,"Round Rock, Texas",https://www.bhcoe.org/aba-therapy/action-behavior-centers-round-rock-texas-78664-2/
Action Behavior Centers Paradise Valley - Phoenix,www.actionbehavior.com,"Scottsdale, Arizona",https://www.bhcoe.org/aba-therapy/action-behavior-centers-scottsdale-arizona-85254/
Action Behavior Centers Parker - Denver,www.actionbehavior.com,"Parker, Colorado",https://www.bhcoe.org/aba-therapy/action-behavior-centers-parker-colorado-80138/
Action Behavior Centers Pearland - Houston,www.actionbehavior.com,"Pearland, Texas",https://www.bhcoe.org/aba-therapy/action-behavior-centers-pearland-texas-77581/
Action Behavior Centers Perrin Beitel - San Antonio,www.actionbehavior.com,"San Antonio, Texas",https://www.bhcoe.org/aba-therapy/action-behavior-centers-san-antonio-texas-78218/
Action Behavior Centers Pflugerville - Austin,www.actionbehavior.com,"Round Rock, Texas",https://www.bhcoe.org/aba-therapy/action-behavior-centers-round-rock-texas-78664/
Action Behavior Centers Plainfield - Chicago,www.actionbehavior.com,"Plainfield, Illinois",https://www.bhcoe.org/aba-therapy/action-behavior-centers-plainfield-illinois-60586/
Action Behavior Centers Prosper - DFW,www.actionbehavior.com,"Prosper, Texas",https://www.bhcoe.org/aba-therapy/action-behavior-centers-prosper-texas-75078/
Action Behavior Centers Rayford - Houston,www.actionbehavior.com,"Spring, Texas",https://www.bhcoe.org/aba-therapy/action-behavior-centers-spring-texas-77386/
Action Behavior Centers Round Rock Bridge Site - Austin,www.actionbehavior.com,"Round Rock, Texas",https://www.bhcoe.org/aba-therapy/action-behavior-centers-round-rock-texas-78681-3/
Action Behavior Centers Round Rock Expasion - Austin,www.actionbehavior.com,"Round Rock, Texas",https://www.bhcoe.org/aba-therapy/action-behavior-centers-round-rock-texas-78681-4/
Action Behavior Centers Round Rock Great Oaks - Austin,www.actionbehavior.com,"Round Rock, Texas",https://www.bhcoe.org/aba-therapy/action-behavior-centers-round-rock-texas-78681/
Action Behavior Centers Round Rock Mays St - Austin,www.actionbehavior.com,"Round Rock, Texas",https://www.bhcoe.org/aba-therapy/action-behavior-centers-round-rock-texas-78664-3/
Action Behavior Centers Rowlett - DFW,www.actionbehavior.com,"Rowlett, Texas",https://www.bhcoe.org/aba-therapy/action-behavior-centers-rowlett-texas-75088/
Action Behavior Centers San Antonio at Home - San Antonio,www.actionbehavior.com,"San Antonio, Texas",https://www.bhcoe.org/aba-therapy/action-behavior-centers-san-antonio-texas-78232/
Action Behavior Centers San Antonio Cimarron Path - San Antonio,www.actionbehavior.com,"San Antonio, Texas",https://www.bhcoe.org/aba-therapy/action-behavior-centers-san-antonio-texas-78249/
Action Behavior Centers San Tan Valley - Phoenix,www.actionbehavior.com,"San Tan Valley, Arizona",https://www.bhcoe.org/aba-therapy/action-behavior-centers-san-tan-valley-arizona-85140/
Action Behavior Centers Schaumburg - Chicago,www.actionbehavior.com,"Schaumburg, Illinois",https://www.bhcoe.org/aba-therapy/action-behavior-centers-schaumburg-illinois-60173/
Action Behavior Centers Schertz - San Antonio,www.actionbehavior.com,"Schertz, Texas",https://www.bhcoe.org/aba-therapy/action-behavior-centers-schertz-texas-78154/
Action Behavior Centers Schertz East - San Antonio,www.actionbehavior.com,"Schertz, Texas",https://www.bhcoe.org/aba-therapy/action-behavior-centers-schertz-texas-78154-2/
Action Behavior Centers Shadow Creek Ranch - Houston,www.actionbehavior.com,"Pearland, Texas",https://www.bhcoe.org/aba-therapy/action-behavior-centers-pearland-texas-77584/
Action Behavior Centers Shadow Creek Ranch Expansion - Houston,www.actionbehavior.com,"Pearland, Texas",https://www.bhcoe.org/aba-therapy/action-behavior-centers-pearland-texas-77584-3/
Action Behavior Centers Shakopee - Minnesota,www.actionbehavior.com,"Shakopee, Minnesota",https://www.bhcoe.org/aba-therapy/action-behavior-centers-shakopee-minnesota-55379/
Action Behavior Centers Sienna - Houston,www.actionbehavior.com,"Missouri City, Texas",https://www.bhcoe.org/aba-therapy/action-behavior-centers-missouri-city-texas-77459/
Action Behavior Centers Sienna Riverstone - Houston,www.actionbehavior.com,"Sugar Land, Texas",https://www.bhcoe.org/aba-therapy/action-behavior-centers-sugar-land-texas-77479/
Action Behavior Centers Silicon Drive - San Antonio,www.actionbehavior.com,"San Antonio, Texas",https://www.bhcoe.org/aba-therapy/action-behavior-centers-san-antonio-texas-78249-5/
Action Behavior Centers South Arlington - DFW,www.actionbehavior.com,"Arlington, Texas",https://www.bhcoe.org/aba-therapy/action-behavior-centers-arlington-texas-76018/
Action Behavior Centers South Austin - Austin,www.actionbehavior.com,"Austin, Texas",https://www.bhcoe.org/aba-therapy/action-behavior-centers-austin-texas-78749-2/
Action Behavior Centers South Conroe - Houston,www.actionbehavior.com,"Conroe, Texas",https://www.bhcoe.org/aba-therapy/action-behavior-centers-conroe-texas-77301/
Action Behavior Centers Southlake - DFW,www.actionbehavior.com,"Southlake, Texas",https://www.bhcoe.org/aba-therapy/action-behavior-centers-southlake-texas-76092/
Action Behavior Centers South Sugar Land - Houston,www.actionbehavior.com,"Sugar Land, Texas",https://www.bhcoe.org/aba-therapy/action-behavior-centers-sugar-land-texas-77479-2/
Action Behavior Centers Spring - Houston,www.actionbehavior.com,"Spring, Texas",https://www.bhcoe.org/aba-therapy/action-behavior-centers-spring-texas-77379/
Action Behavior Centers Spring 2.0 - Houston,www.actionbehavior.com,"Spring, Texas",https://www.bhcoe.org/aba-therapy/action-behavior-centers-spring-texas-77379-2/
Action Behavior Centers Spring 99/45 - Houston,www.actionbehavior.com,"Spring, Texas",https://www.bhcoe.org/aba-therapy/action-behavior-centers-spring-texas-77388/
Action Behavior Centers Spring 99/45 Expansion & Training Center - Houston,www.actionbehavior.com,"Spring, Texas",https://www.bhcoe.org/aba-therapy/action-behavior-centers-spring-texas-77388-2/
Action Behavior Centers Stone Oak - San Antonio,www.actionbehavior.com,"San Antonio, Texas",https://www.bhcoe.org/aba-therapy/action-behavior-centers-san-antonio-texas-78232-2/
Action Behavior Centers Sugar Land - Houston,www.actionbehavior.com,"Sugar Land, Texas",https://www.bhcoe.org/aba-therapy/action-behavior-centers-sugar-land-texas-77498/
Action Behavior Centers Sugar Land Bridge Site - Houston,www.actionbehavior.com,"Sugar Land, Texas",https://www.bhcoe.org/aba-therapy/action-behavior-centers-sugar-land-texas-77478-2/
Action Behavior Centers Sun City - Phoenix,www.actionbehavior.com,"Sun City, Arizona",https://www.bhcoe.org/aba-therapy/action-behavior-centers-sun-city-arizona-85351/
Action Behavior Centers Sunset Valley - Austin,www.actionbehavior.com,"Austin, Texas",https://www.bhcoe.org/aba-therapy/action-behavior-centers-austin-texas-78749-3/
Action Behavior Centers Tomball - Houston,www.actionbehavior.com,"Tomball, Texas",https://www.bhcoe.org/aba-therapy/action-behavior-centers-tomball-texas-77375/
Action Behavior Centers Training Center - Dallas - DFW,www.actionbehavior.com,"Plano, Texas",https://www.bhcoe.org/aba-therapy/action-behavior-centers-plano-texas-75024/
Action Behavior Centers Training Center - Litchfield Park - Phoenix,www.actionbehavior.com,"Avondale, Arizona",https://www.bhcoe.org/aba-therapy/action-behavior-centers-avondale-arizona-85392-3/
Action Behavior Centers Training Center - San Antonio - San Antonio,www.actionbehavior.com,"San Antonio, Texas",https://www.bhcoe.org/aba-therapy/action-behavior-centers-san-antonio-texas-78248/
Action Behavior Centers Training Center - Sugar Land - Houston,www.actionbehavior.com,"Sugar Land, Texas",https://www.bhcoe.org/aba-therapy/action-behavior-centers-sugar-land-texas-77478/
Action Behavior Centers Watauga - DFW,www.actionbehavior.com,"Watauga, Texas",https://www.bhcoe.org/aba-therapy/action-behavior-centers-watauga-texas-76148/
Action Behavior Centers West Fort Worth - DFW,www.actionbehavior.com,"Fort Worth, Texas",https://www.bhcoe.org/aba-therapy/action-behavior-centers-fort-worth-texas-76107/
Action Behavior Centers West Frisco - DFW,www.actionbehavior.com,"Frisco, Texas",https://www.bhcoe.org/aba-therapy/action-behavior-centers-frisco-texas-75034-3/
Action Behavior Centers West Lake - Houston,www.actionbehavior.com,"Atascocita, Texas",https://www.bhcoe.org/aba-therapy/action-behavior-centers-atascocita-texas-77346/
Action Behavior Centers Westminster - Denver,www.actionbehavior.com,"Westminster, Colorado",https://www.bhcoe.org/aba-therapy/action-behavior-centers-westminster-colorado-80234/
Action Behavior Centers Westmont - Chicago,www.actionbehavior.com,"Westmont, Illinois",https://www.bhcoe.org/aba-therapy/action-behavior-centers-westmont-illinois-60559/
Action Behavior Centers Westover Hills - San Antonio,www.actionbehavior.com,"San Antonio, Texas",https://www.bhcoe.org/aba-therapy/action-behavior-centers-san-antonio-texas-78251-2/
Action Behavior Centers West Plano - DFW,www.actionbehavior.com,"Plano, Texas",https://www.bhcoe.org/aba-therapy/action-behavior-centers-plano-texas-75093/
Action Behavior Centers West Southlake - DFW,www.actionbehavior.com,"Southlake, Texas",https://www.bhcoe.org/aba-therapy/action-behavior-centers-southlake-texas-76092-2/
Action Behavior Centers Wheat Ridge - Denver,www.actionbehavior.com,"Wheat Ridge, Colorado",https://www.bhcoe.org/aba-therapy/action-behavior-centers-wheat-ridge-colorado-80033/
Action Behavior Centers Woodlands Research Forest - Houston,www.actionbehavior.com,"The Woodlands, Texas",https://www.bhcoe.org/aba-therapy/action-behavior-centers-the-woodlands-texas-77381/
Action Behavior Centers Woodlands Tech Forest - Houston,www.actionbehavior.com,"The Woodlands, Texas",https://www.bhcoe.org/aba-therapy/action-behavior-centers-the-woodlands-texas-77381-2/
Action Behavior Centers Wylie - DFW,www.actionbehavior.com,"Wylie, Texas",https://www.bhcoe.org/aba-therapy/action-behavior-centers-wylie-texas-75098/
Action Behavior Centers Wyoming Springs - Austin,www.actionbehavior.com,"Round Rock, Texas",https://www.bhcoe.org/aba-therapy/action-behavior-centers-round-rock-texas-78681-2/
Adaptive Solutions,adaptivesolutionsbehaviortherapy.com,"South Bend, Indiana",https://www.bhcoe.org/aba-therapy/adaptive-solutions-south-bend-indiana-46601/
Adaptive Solutions Rochester,adaptivesolutionsbehaviortherapy.com,"Rochester, Indiana",https://www.bhcoe.org/aba-therapy/adaptive-solutions-rochester-indiana-46975/
Advance ABA Care - Dearborn,advanceabacare.com,"Dearborn, Michigan",https://www.bhcoe.org/aba-therapy/advance-aba-care-dearborn-michigan-48124/
Advance ABA Care - Hartland,advanceabacare.com,"Hartland, Michigan",https://www.bhcoe.org/aba-therapy/advance-aba-care-hartland-michigan-48353/
Advanced Autism Center for Treatment,www.aactarizona.com,"Gilbert, Arizona",https://www.bhcoe.org/aba-therapy/advanced-autism-center-for-treatment-gilbert-arizona-85297/
Advanced Autism Center for Treatment Arizona,www.aactarizona.com,"Mesa, Arizona",https://www.bhcoe.org/aba-therapy/advanced-autism-center-for-treatment-mesa-arizona-85212/
Advanced Autism Center for Treatment Montana,www.aactarizona.com,"Bozeman, Montana",https://www.bhcoe.org/aba-therapy/advanced-autism-center-for-treatment-bozeman-montana-59715/
"Advance Kids, LLC",www.advancekids.com,"Sacramento, California",https://www.bhcoe.org/aba-therapy/advance-kids-llc-sacramento-california-95827-2/
Advance Kids Bradshaw,www.advancekids.com,"Sacramento, California",https://www.bhcoe.org/aba-therapy/advance-kids-llc-sacramento-california-95827/
Advance Kids Natomas,www.advancekids.com,"Sacramento, California",https://www.bhcoe.org/aba-therapy/advance-kids-llc-sacramento-california-95833/
A Gem of Joy ABA,www.agemofjoyaba.com,"Baltimore, Maryland",https://www.bhcoe.org/aba-therapy/a-gem-of-joy-aba-baltimore-maryland-21209/
"Aggieland Autism Center, LLC",aggielandautismcenter.com,"College Station, Texas",https://www.bhcoe.org/aba-therapy/aggieland-autism-center-llc-college-station-texas-77845/
Aggieland Autism Center - Montgomery,aggielandautismcenter.com,"Montgomery, Texas",https://www.bhcoe.org/aba-therapy/aggieland-autism-center-llc-montgomery-texas-77356/
A Hope For Autism/Learn to Grow ABA - Oregon,www.ahopeforautism.net,"Portland, Oregon",https://www.bhcoe.org/aba-therapy/a-hope-for-autism-learn-to-grow-aba-portland-oregon-97201/
AIM Behavior Services - Chula Vista,aimbehavior.com,"Chula Vista, California",https://www.bhcoe.org/aba-therapy/aim-behavior-services-chula-vista-california-91914/
AIM Behavior Services - Oceanside,aimbehavior.com,"Oceanside, California",https://www.bhcoe.org/aba-therapy/aim-behavior-services-oceanside-california-92056/
Aim Star Learning - Ellensburg,aimstarlearning.com,"Ellensburg, Washington",https://www.bhcoe.org/aba-therapy/aim-star-learning-ellensburg-washington-98926/
Aim Star Learning - Washington,aimstarlearning.com,"Maple Valley, Washington",https://www.bhcoe.org/aba-therapy/aim-star-learning-maple-valley-washington-98038/
Allegheny Behavior Analysis Services,www.abaservicespgh.com,"Pittsburgh, Pennsylvania",https://www.bhcoe.org/aba-therapy/allegheny-behavior-analysis-services-pittsburgh-pennsylvania-15229/
Ally Pediatric Therapy - Ahwatukee,www.allypediatric.com,"Phoenix, Arizona",https://www.bhcoe.org/aba-therapy/ally-pediatric-therapy-phoenix-arizona-85044/
Ally Pediatric Therapy - Chandler,www.allypediatric.com,"Chandler, Arizona",https://www.bhcoe.org/aba-therapy/ally-pediatric-therapy-chandler-arizona-85286/
Ally Pediatric Therapy - Clinic Support Center,www.allypediatric.com,"Chandler, Arizona",https://www.bhcoe.org/aba-therapy/ally-pediatric-therapy-chandler-arizona-85225/
Ally Pediatric Therapy - Gilbert,www.allypediatric.com,"Gilbert, Arizona",https://www.bhcoe.org/aba-therapy/ally-pediatric-therapy-gilbert-arizona-85296/
Ally Pediatric Therapy - North Phoenix,www.allypediatric.com,"Phoenix, Arizona",https://www.bhcoe.org/aba-therapy/ally-pediatric-therapy-phoenix-arizona-85027/
Ally Pediatric Therapy - Paradise Valley,www.allypediatric.com,"Paradise Valley, Arizona",https://www.bhcoe.org/aba-therapy/ally-pediatric-therapy-paradise-valley-arizona-85253/
Ally Pediatric Therapy - Peoria,www.allypediatric.com,"Peoria, Arizona",https://www.bhcoe.org/aba-therapy/ally-pediatric-therapy-peoria-arizona-85382/
Ally Pediatric Therapy - Surprise,www.allypediatric.com,"Surprise, Arizona",https://www.bhcoe.org/aba-therapy/ally-pediatric-therapy-surprise-arizona-85379/
American Behavioral Solutions - Arizona,americanbehavioralsolutions.com,"Mesa, Arizona",https://www.bhcoe.org/aba-therapy/american-behavioral-solutions-mesa-arizona-85210/
American Behavioral Solutions Therapy Center,americanbehavioralsolutions.com,"Glendale, Arizona",https://www.bhcoe.org/aba-therapy/american-behavioral-solutions-glendale-arizona-85301/
A New Leaf Therapeutic Services - North Carolina,fayettevillenewleaf.com,"Fayetteville, North Carolina",https://www.bhcoe.org/aba-therapy/a-new-leaf-therapeutic-services-fayetteville-north-carolina-28303/
Answers Now - Virginia,www.getanswersnow.com,"Richmond, Virginia",https://www.bhcoe.org/aba-therapy/answersnow-richmond-virginia-23233/
Apollo Behavior Services,www.apollobehavior.com,"Marietta, Georgia",https://www.bhcoe.org/aba-therapy/apollo-behavior-services-marietta-georgia-30068/
Apollo Behavior Services,www.apollobehavior.com,"Lawrenceville, Georgia",https://www.bhcoe.org/aba-therapy/apollo-behavior-services-lawrenceville-georgia-30043/
Apollo Behavior Services,www.apollobehavior.com,"Suwanee, Georgia",https://www.bhcoe.org/aba-therapy/apollo-behavior-services-suwanee-georgia-30024/
Apollo Behavior Services,www.apollobehavior.com,"Alpharetta, Georgia",https://www.bhcoe.org/aba-therapy/apollo-behavior-services-alpharetta-georgia-30022/
Apollo Behavior Services,www.apollobehavior.com,"Milton, Georgia",https://www.bhcoe.org/aba-therapy/apollo-behavior-services-milton-georgia-30004/
Apollo Behavior Services,www.apollobehavior.com,"Dacula, Georgia",https://www.bhcoe.org/aba-therapy/apollo-behavior-services-dacula-georgia-30019/
Appleseeds Behavioral Center,www.abatherapyga.com,"Kennesaw, Georgia",https://www.bhcoe.org/aba-therapy/appleseeds-behavioral-center-kennesaw-georgia-30144/
Appleseeds Behavioral Center,www.abatherapyga.com,"Rome, Georgia",https://www.bhcoe.org/aba-therapy/appleseeds-behavioral-center-rome-georgia-30149/
Arion Care Solutions - Arizona,arioncaresolutions.com,"Chandler, Arizona",https://www.bhcoe.org/aba-therapy/arion-care-solutions-chandler-arizona-85224/
Arizona Autism United (AZA),azaunited.org,"Phoenix, Arizona",https://www.bhcoe.org/aba-therapy/arizona-autism-united-phoenix-arizona-85034/
Arizona Autism United (AZA) - East Valley Center,azaunited.org,"Mesa, Arizona",https://www.bhcoe.org/aba-therapy/arizona-autism-united-mesa-arizona-85206/
Arizona Autism United (AZA) - West Valley Center,azaunited.org,"avondale, Arizona",https://www.bhcoe.org/aba-therapy/arizona-autism-united-avondale-arizona-85323/
Ascend Behavior Partners,www.ascendbehavior.com,"Denver, Colorado",https://www.bhcoe.org/aba-therapy/ascend-behavior-partners-denver-colorado-80237-2/
Ascend Behavior Partners,www.ascendbehavior.com,"Denver, Colorado",https://www.bhcoe.org/aba-therapy/ascend-behavior-partners-denver-colorado-80238/
Ascend Behavior Partners,www.ascendbehavior.com,"Denver, Colorado",https://www.bhcoe.org/aba-therapy/ascend-behavior-partners-denver-colorado-80237/
Ascend Behavior Partners - Arizona,www.ascendbehavior.com,"Phoenix, Arizona",https://www.bhcoe.org/aba-therapy/ascend-behavior-partners-phoenix-arizona-85028/
Ascend Behavior Partners - Texas,www.ascendbehavior.com,"Bryan, Texas",https://www.bhcoe.org/aba-therapy/ascend-behavior-partners-bryan-texas-77802/
ASD Life ABA Therapy - Illinois,www.asdlife.org,"Worth, Illinois",https://www.bhcoe.org/aba-therapy/asd-life-aba-therapy-worth-illinois-60482/
Aspire Behavioral Care - Colorado,www.aspirebehavioralcare.com,"Colorado Springs, Colorado",https://www.bhcoe.org/aba-therapy/aspire-behavioral-care-colorado-springs-colorado-80920/
Aspire Behavioral Health Center - Carencro,www.aspireacadiana.com,"Lafayette, Louisiana",https://www.bhcoe.org/aba-therapy/aspire-behavioral-health-center-lafayette-louisiana-70507/
Aspire Behavioral Health Center - Demanade,www.aspireacadiana.com,"Lafayette, Louisiana",https://www.bhcoe.org/aba-therapy/aspire-behavioral-health-center-lafayette-louisiana-70503/
Aspire Behavioral Health Center - Eunice,www.aspireacadiana.com,"Eunice, Louisiana",https://www.bhcoe.org/aba-therapy/aspire-behavioral-health-center-eunice-louisiana-70535/
Aspire Behavioral Health Center - New Iberia,www.aspireacadiana.com,"New Iberia, Louisiana",https://www.bhcoe.org/aba-therapy/aspire-behavioral-health-center-new-iberia-louisiana-70560/
Aspire Behavioral Health Center - Pinhook,www.aspireacadiana.com,"Lafayette, Louisiana",https://www.bhcoe.org/aba-therapy/aspire-behavioral-health-center-lafayette-louisiana-70508/
Aspire Behavioral Therapy & Consulting - Illinois,aspirebehavioraltherapy.com,"Chicago, Illinois",https://www.bhcoe.org/aba-therapy/aspire-behavioral-therapy-consulting-chicago-illinois-60093/
Athena Behavioral Treatment Center,abtcva.org,"Gainesville, Virginia",https://www.bhcoe.org/aba-therapy/athena-behavioral-treatment-center-gainesville-virginia-20155/
Atlantic Autism Services,atlanticautismservices.com,"Elizabeth City, North Carolina",https://www.bhcoe.org/aba-therapy/atlantic-autism-services-elizabeth-city-north-carolina-27909/
Atlas Autism Health Missouri LLC,atlasautismhealth.com,"Columbia, Missouri",https://www.bhcoe.org/aba-therapy/atlas-autism-health-missouri-llc-columbia-missouri-65201-2/
Atlas Autism Health Missouri LLC - Arnold,atlasautismhealth.com,"St Louis, Missouri",https://www.bhcoe.org/aba-therapy/atlas-autism-health-missouri-llc-st-louis-missouri-63129/
Atlas Autism Health Missouri LLC - Columbia,atlasautismhealth.com,"Columbia, Missouri",https://www.bhcoe.org/aba-therapy/atlas-autism-health-missouri-llc-columbia-missouri-65201/
Atlas Autism Health Missouri LLC - Jefferson City,atlasautismhealth.com,"Jefferson City, Missouri",https://www.bhcoe.org/aba-therapy/atlas-autism-health-missouri-llc-jefferson-city-missouri-65109/
Attendant Care Autism Services - Capac,accautism.com,"Capac, Michigan",https://www.bhcoe.org/aba-therapy/attendant-care-autism-services-capac-michigan-48014/
Attendant Care Autism Services - Chesterfield,accautism.com,"Chesterfield, Michigan",https://www.bhcoe.org/aba-therapy/attendant-care-autism-services-chesterfield-michigan-48047/
Attendant Care Autism Services - Detroit,accautism.com,"Detroit, Michigan",https://www.bhcoe.org/aba-therapy/attendant-care-autism-services-detroit-michigan-48205/
Attendant Care Autism Services - Flint,accautism.com,"Flint, Michigan",https://www.bhcoe.org/aba-therapy/attendant-care-autism-services-flint-michigan-48532/
Attendant Care Autism Services - Fort Gratiot,accautism.com,"Fort Gratiot, Michigan",https://www.bhcoe.org/aba-therapy/attendant-care-autism-services-fort-gratiot-michigan-48059/
Attendant Care Autism Services - Michigan,accautism.com,"New Baltimore, Michigan",https://www.bhcoe.org/aba-therapy/attendant-care-autism-services-new-baltimore-michigan-48047/
Attendant Care Autism Services - Roseville,accautism.com,"Roseville, Michigan",https://www.bhcoe.org/aba-therapy/attendant-care-autism-services-roseville-michigan-48066/
Attendant Care Autism Services - Westland,accautism.com,"Westland, Michigan",https://www.bhcoe.org/aba-therapy/attendant-care-autism-services-westland-michigan-48185/
Auburn University Autism Center,www.cla.auburn.edu/psychology/aupsc/therapy-services/,"Auburn University, Alabama",https://www.bhcoe.org/aba-therapy/auburn-university-autism-center-auburn-university-alabama-36849/
Autism & Behavioral Consulting Services - Nevada,,"Las Vegas, Nevada",https://www.bhcoe.org/aba-therapy/autism-behavioral-consulting-services-las-vegas-nevada-89146/
Autism and Behavioral Spectrum,www.abspectrum.org,"Baldwin, Missouri",https://www.bhcoe.org/aba-therapy/autism-and-behavioral-spectrum-baldwin-missouri-63033/
Autism and Behavioral Spectrum - Chesterfield,www.abspectrum.org,"Chesterfield, Missouri",https://www.bhcoe.org/aba-therapy/autism-and-behavioral-spectrum-chesterfield-missouri-63011/
Autism and Behavioral Spectrum - Florissant,www.abspectrum.org,"Florissant, Missouri",https://www.bhcoe.org/aba-therapy/autism-and-behavioral-spectrum-florissant-missouri-63033/
Autism and Behavioral Spectrum - Mehlville,www.abspectrum.org,"Mehlville, Missouri",https://www.bhcoe.org/aba-therapy/autism-and-behavioral-spectrum-mehlville-missouri-63125/
Autism and Behavioral Spectrum - St. Peters,www.abspectrum.org,"Saint Peters, Missouri",https://www.bhcoe.org/aba-therapy/autism-and-behavioral-spectrum-saint-peters-missouri-63376/
Autism Center of Excellence (ACE) - Riyadh,acesaudi.org,"Riyadh, Riyadh Region",https://www.bhcoe.org/aba-therapy/autism-center-of-excellence-ace-riyadh-riyadh-region-11211/
Autonomous Behavior Solutions,www.autbsolutions.com,"Lakewood, California",https://www.bhcoe.org/aba-therapy/autonomous-behavior-solutions-lakewood-california-90712/
Bay ABA,bayaba.com,"San Jose, California",https://www.bhcoe.org/aba-therapy/bay-aba-san-jose-california-95126/
Bay ABA,bayaba.com,"San Mateo, California",https://www.bhcoe.org/aba-therapy/bay-aba-san-mateo-california-94403/
Bay ABA - California,bayaba.com,"San Carlos, California",https://www.bhcoe.org/aba-therapy/bay-aba-san-carlos-california-94070/
Behavior ACC Services - Childrens Therapy Center for Autism and Developmental Services,www.behavioraccservices.com,"Miami, Florida",https://www.bhcoe.org/aba-therapy/behavior-acc-services-corp-miami-florida-33186/
Behavioral and Therapeutic Services of Hawaii,btshawaii.com,"Honolulu, Hawaii",https://www.bhcoe.org/aba-therapy/behavioral-and-therapeutic-services-of-hawaii-honolulu-hawaii-96816/
Behavioral Health Therapies - Florida,behavioralhealththerapies.com,"Tarpon Springs, Florida",https://www.bhcoe.org/aba-therapy/behavioral-health-therapies-tarpon-springs-florida-34689/
"Behavioral Progression, Inc. - Nashville",behavioralprogression.com,"Nashville, Tennessee",https://www.bhcoe.org/aba-therapy/behavioral-progression-inc-nashville-tennessee-37209/
"Behavioral Progression, Inc. - St. Petersburg",behavioralprogression.com,"St. Petersburg, Florida",https://www.bhcoe.org/aba-therapy/behavioral-progression-inc-st-petersburg-florida-33709/
"Behavioral Progression, Inc. - Tampa",behavioralprogression.com,"Tampa, Florida",https://www.bhcoe.org/aba-therapy/behavioral-progression-inc-tampa-florida-33610/
Behavioral Progression - Lakeland,behavioralprogression.com,"Lakeland, Florida",https://www.bhcoe.org/aba-therapy/behavioral-progression-inc-lakeland-florida-33801/
Behavioral Therapy International Group LLC,www.btitherapy.com,"Wormleysburg, Pennsylvania",https://www.bhcoe.org/aba-therapy/behavioral-therapy-international-wormleysburg-pennsylvania-17043/
Behavioral Therapy International Group LLC - Pennsylvania,www.btitherapy.com,"Harrisburg, Pennsylvania",https://www.bhcoe.org/aba-therapy/behavioral-therapy-international-harrisburg-pennsylvania-17111/
Behavior Frontiers,behaviorfrontiers.com,"Austin, Texas",https://www.bhcoe.org/aba-therapy/behavior-frontiers-austin-texas-78735/
Behavior Frontiers,behaviorfrontiers.com,"Smryna, Georgia",https://www.bhcoe.org/aba-therapy/behavior-frontiers-smryna-georgia-30082/
Behavior Frontiers - BAK,behaviorfrontiers.com,"Bakersfield, California",https://www.bhcoe.org/aba-therapy/behavior-frontiers-bakersfield-california-93309/
Behavior Frontiers - BAL,behaviorfrontiers.com,"Baltimore, Maryland",https://www.bhcoe.org/aba-therapy/behavior-frontiers-baltimore-maryland-21202/
Behavior Frontiers - BETH,behaviorfrontiers.com,"Bethesda, Maryland",https://www.bhcoe.org/aba-therapy/behavior-frontiers-bethesda-maryland-20814/
Behavior Frontiers - BOS,behaviorfrontiers.com,"Boston, Massachusetts",https://www.bhcoe.org/aba-therapy/behavior-frontiers-boston-massachusetts-2199/
Behavior Frontiers - BOU,behaviorfrontiers.com,"Boulder, Colorado",https://www.bhcoe.org/aba-therapy/behavior-frontiers-boulder-colorado-80303/
Behavior Frontiers - BRO,behaviorfrontiers.com,"Brookfield, Wisconsin",https://www.bhcoe.org/aba-therapy/behavior-frontiers-brookfield-wisconsin-53005/
Behavior Frontiers - CEN Center,behaviorfrontiers.com,"Centennial, Colorado",https://www.bhcoe.org/aba-therapy/behavior-frontiers-centennial-colorado-80112/
Behavior Frontiers - CHE,behaviorfrontiers.com,"Cherry Hill, New Jersey",https://www.bhcoe.org/aba-therapy/behavior-frontiers-cherry-hill-new-jersey-8802/
Behavior Frontiers - CHE Center,behaviorfrontiers.com,"Chelmsford, Massachusetts",https://www.bhcoe.org/aba-therapy/behavior-frontiers-chelmsford-massachusetts-1824/
Behavior Frontiers - CHES,behaviorfrontiers.com,"Chesapeake, Virginia",https://www.bhcoe.org/aba-therapy/behavior-frontiers-chesapeake-virginia-23320/
Behavior Frontiers - CHES2 Center,behaviorfrontiers.com,"Chesapeake, Virginia",https://www.bhcoe.org/aba-therapy/behavior-frontiers-chesapeake-virginia-23323/
Behavior Frontiers - CHI,behaviorfrontiers.com,"Chicago, Illinois",https://www.bhcoe.org/aba-therapy/behavior-frontiers-chicago-illinois-60661/
Behavior Frontiers - COO Center,behaviorfrontiers.com,"Coon Rapids, Minnesota",https://www.bhcoe.org/aba-therapy/behavior-frontiers-coon-rapids-minnesota-55433/
Behavior Frontiers - DAL Center,behaviorfrontiers.com,"Plano, Texas",https://www.bhcoe.org/aba-therapy/behavior-frontiers-plano-texas-75075/
Behavior Frontiers - DEN,behaviorfrontiers.com,"Denver, Colorado",https://www.bhcoe.org/aba-therapy/behavior-frontiers-denver-colorado-80239/
Behavior Frontiers - DET Center,behaviorfrontiers.com,"Detroit, Michigan",https://www.bhcoe.org/aba-therapy/behavior-frontiers-detroit-michigan-48202/
Behavior Frontiers - FAIR,behaviorfrontiers.com,"Fairfax, Virginia",https://www.bhcoe.org/aba-therapy/behavior-frontiers-fairfax-virginia-22031/
Behavior Frontiers - FTW,behaviorfrontiers.com,"Fort Wayne, Indiana",https://www.bhcoe.org/aba-therapy/behavior-frontiers-fort-wayne-indiana-46815/
Behavior Frontiers - HOU,behaviorfrontiers.com,"Houston, Texas",https://www.bhcoe.org/aba-therapy/behavior-frontiers-houston-texas-77056/
Behavior Frontiers - HOU2,behaviorfrontiers.com,"Houston, Texas",https://www.bhcoe.org/aba-therapy/behavior-frontiers-houston-texas-77070/
Behavior Frontiers - HQ,behaviorfrontiers.com,"El Segundo, California",https://www.bhcoe.org/aba-therapy/behavior-frontiers-el-segundo-california-90245/
Behavior Frontiers - IND,behaviorfrontiers.com,"Indianapolis, Indiana",https://www.bhcoe.org/aba-therapy/behavior-frontiers-indianapolis-indiana-46256/
Behavior Frontiers - LA Center,behaviorfrontiers.com,"Gardena, California",https://www.bhcoe.org/aba-therapy/behavior-frontiers-gardena-california-90248/
Behavior Frontiers - MINN,behaviorfrontiers.com,"Minneapolis, Minnesota",https://www.bhcoe.org/aba-therapy/behavior-frontiers-minneapolis-minnesota-55435/
Behavior Frontiers - MINN Center,behaviorfrontiers.com,"Edina, Minnesota",https://www.bhcoe.org/aba-therapy/behavior-frontiers-edina-minnesota-55439/
Behavior Frontiers - NAS,behaviorfrontiers.com,"Nashville, Tennessee",https://www.bhcoe.org/aba-therapy/behavior-frontiers-nashville-tennessee-37214/
Behavior Frontiers - OC,behaviorfrontiers.com,"Orange, California",https://www.bhcoe.org/aba-therapy/behavior-frontiers-orange-california-92686/
Behavior Frontiers - PAL,behaviorfrontiers.com,"Palmdale, California",https://www.bhcoe.org/aba-therapy/behavior-frontiers-palmdale-california-92550/
Behavior Frontiers - PAS,behaviorfrontiers.com,"Glendale, California",https://www.bhcoe.org/aba-therapy/behavior-frontiers-glendale-california-91203/
Behavior Frontiers - PHL,behaviorfrontiers.com,"Radnor, Pennsylvania",https://www.bhcoe.org/aba-therapy/behavior-frontiers-radnor-pennsylvania-19087/
Behavior Frontiers - POR,behaviorfrontiers.com,"Portland, Oregon",https://www.bhcoe.org/aba-therapy/behavior-frontiers-portland-oregon-97223/
Behavior Frontiers - RIV/MV/SBRN,behaviorfrontiers.com,"Riverside, California",https://www.bhcoe.org/aba-therapy/behavior-frontiers-riverside-california-92507-2/
Behavior Frontiers - RIV Center,behaviorfrontiers.com,"Riverside, California",https://www.bhcoe.org/aba-therapy/behavior-frontiers-riverside-california-92507/
Behavior Frontiers - ROC Center,behaviorfrontiers.com,"Rocklin, California",https://www.bhcoe.org/aba-therapy/behavior-frontiers-rocklin-california-95765/
Behavior Frontiers - SAC,behaviorfrontiers.com,"Elk Grove, California",https://www.bhcoe.org/aba-therapy/behavior-frontiers-elk-grove-california-95728/
Behavior Frontiers - SAN,behaviorfrontiers.com,"San Antonio, Texas",https://www.bhcoe.org/aba-therapy/behavior-frontiers-san-antonio-texas-78232/
Behavior Frontiers - SAN2,behaviorfrontiers.com,"San Antonio, Texas",https://www.bhcoe.org/aba-therapy/behavior-frontiers-san-antonio-texas-78205/
Behavior Frontiers - SDC/S,behaviorfrontiers.com,"San Diego, California",https://www.bhcoe.org/aba-therapy/behavior-frontiers-san-diego-california-92108/
Behavior Frontiers - SDN,behaviorfrontiers.com,"Carlsbad, California",https://www.bhcoe.org/aba-therapy/behavior-frontiers-carlsbad-california-92008/
Behavior Frontiers - SEA,behaviorfrontiers.com,"Seattle, Washington",https://www.bhcoe.org/aba-therapy/behavior-frontiers-seattle-washington-98107/
Behavior Frontiers - SFV,behaviorfrontiers.com,"Woodland Hills, California",https://www.bhcoe.org/aba-therapy/behavior-frontiers-woodland-hills-california-91367/
Behavior Frontiers - SGV,behaviorfrontiers.com,"Monrovia, California",https://www.bhcoe.org/aba-therapy/behavior-frontiers-monrovia-california-91016/
Behavior Frontiers - SJ,behaviorfrontiers.com,"San Jose, California",https://www.bhcoe.org/aba-therapy/behavior-frontiers-san-jose-california-95117/
Behavior Frontiers - STL,behaviorfrontiers.com,"Clayton, Missouri",https://www.bhcoe.org/aba-therapy/behavior-frontiers-clayton-missouri-63105/
Behavior Frontiers - STP,behaviorfrontiers.com,"St. Paul, Minnesota",https://www.bhcoe.org/aba-therapy/behavior-frontiers-st-paul-minnesota-55101/
Behavior Frontiers - TEM,behaviorfrontiers.com,"Temecula, California",https://www.bhcoe.org/aba-therapy/behavior-frontiers-temecula-california-92590/
Behavior Frontiers - TO,behaviorfrontiers.com,"Thousand Oaks, California",https://www.bhcoe.org/aba-therapy/behavior-frontiers-thousand-oaks-california-91320/
Behavior Frontiers - VEN,behaviorfrontiers.com,"Oxnard, California",https://www.bhcoe.org/aba-therapy/behavior-frontiers-oxnard-california-93036/
Behavior Frontiers - VEN Center,behaviorfrontiers.com,"Oxnard, California",https://www.bhcoe.org/aba-therapy/behavior-frontiers-oxnard-california-93036-2/
Behavior Frontiers - WIL,behaviorfrontiers.com,"Wilmington, Delaware",https://www.bhcoe.org/aba-therapy/behavior-frontiers-wilmington-delaware-19801/
"Behavior Interventions - Cherry Hill, NJ",www.behaviorinterventions.org,"Cherry Hill, New Jersey",https://www.bhcoe.org/aba-therapy/behavior-interventions-cherry-hill-new-jersey-8034/
"Behavior Interventions - Dover, Delaware",www.behaviorinterventions.org,"Dover, Delaware",https://www.bhcoe.org/aba-therapy/behavior-interventions-dover-delaware-19904/
"Behavior Interventions - Elizabethtown, PA",www.behaviorinterventions.org,"Elizabethtown, Pennsylvania",https://www.bhcoe.org/aba-therapy/behavior-interventions-elizabethtown-pennsylvania-17022/
"Behavior Interventions - King of Prussia, PA",www.behaviorinterventions.org,"King of Prussia, Pennsylvania",https://www.bhcoe.org/aba-therapy/behavior-interventions-king-of-prussia-pennsylvania-19406/
"Behavior Interventions - Philadelphia, PA",www.behaviorinterventions.org,"Philadelphia, Pennsylvania",https://www.bhcoe.org/aba-therapy/behavior-interventions-philadelphia-pennsylvania-19107/
"Behavior Interventions - Willow Grove, PA",www.behaviorinterventions.org,"Willow Grove, Pennsylvania",https://www.bhcoe.org/aba-therapy/behavior-interventions-willow-grove-pennsylvania-19090/
"Behavior Interventions - Woodbury, NJ",www.behaviorinterventions.org,"Woodbury, New Jersey",https://www.bhcoe.org/aba-therapy/behavior-interventions-woodbury-new-jersey-8096/
Behavior Modification Solutions ABA - Florida,behaviormodificationsolutionsaba.com,"Ocala, Florida",https://www.bhcoe.org/aba-therapy/behavior-modification-solutions-aba-ocala-florida-34474/
Behavior Modification Solutions ABA - Texas,behaviormodificationsolutionsaba.com,"McAllen, Texas",https://www.bhcoe.org/aba-therapy/behavior-modification-solutions-aba-mcallen-texas-78504/
Behavior Solutions Inc.,behavioralsolutionsinc.com,"Miller Place, New York",https://www.bhcoe.org/aba-therapy/behavior-solutions-inc-miller-place-new-york-11764-2/
Behavior Solutions New York,behavioralsolutionsinc.com,"Miller Place, New York",https://www.bhcoe.org/aba-therapy/behavior-solutions-inc-miller-place-new-york-11764/
BehaviorWorks ABA - Indiana,BehaviorWorksABA.com,"Indianapolis, Indiana",https://www.bhcoe.org/aba-therapy/behaviorworks-aba-indianapolis-indiana-46214/
Believing In Change,bicvista.com,"Vista, California",https://www.bhcoe.org/aba-therapy/believing-in-change-vista-california-92084/
Best Behavior LLC,bestbehaviorllc.com,"Redding, California",https://www.bhcoe.org/aba-therapy/best-behavior-llc-redding-california-96001/
Beyond Autism Services,beyondautismservices.com,"Media, Pennsylvania",https://www.bhcoe.org/aba-therapy/beyond-autism-services-media-pennsylvania-19063/
Beyond the Individual - Overland Park,beyondtheindividual.com,"Overland Park, Kansas",https://www.bhcoe.org/aba-therapy/beyond-the-individual-overland-park-kansas-66212/
Blue Balloon MD,blueballoonaba.com,"Owings Mill, Maryland",https://www.bhcoe.org/aba-therapy/blue-balloon-aba-owings-mill-maryland-21117/
BlueMind Therapy,bluemindmi.com,"Ann Arbor, Michigan",https://www.bhcoe.org/aba-therapy/bluemind-therapy-ann-arbor-michigan-48104/
"Blue Sky Behavior Therapy, LLC - Brookhaven",www.blueskybx.com,"Brookhaven, Mississippi",https://www.bhcoe.org/aba-therapy/blue-sky-behavior-therapy-llc-brookhaven-mississippi-39601/
"Blue Sky Behavior Therapy, LLC - Ridgeland",www.blueskybx.com,"Ridgeland, Mississippi",https://www.bhcoe.org/aba-therapy/blue-sky-behavior-therapy-llc-ridgeland-mississippi-39157/
"Blue Sky Behavior Therapy, LLC - Winona",www.blueskybx.com,"Winona, Mississippi",https://www.bhcoe.org/aba-therapy/blue-sky-behavior-therapy-llc-winona-mississippi-38967/
Brady Behavior Analysis Georgia,bradybehavioranalysis.com,"Roswell, Georgia",https://www.bhcoe.org/aba-therapy/brady-behavior-analysis-roswell-georgia-30075/
Breaking Barriers Institute,www.breakingbarriersinstitute.org,"Rancho Cucamonga, California",https://www.bhcoe.org/aba-therapy/breaking-barriers-institute-rancho-cucamonga-california-91737/
BrightBloom Centers,www.brightbloom.com,"Salisbury, Maryland",https://www.bhcoe.org/aba-therapy/brightbloom-centers-salisbury-maryland-21804/
BrightBloom Centers,www.brightbloom.com,"Milford, Delaware",https://www.bhcoe.org/aba-therapy/brightbloom-centers-milford-delaware-19963/
BrightBloom Centers,www.brightbloom.com,"Middletown, Delaware",https://www.bhcoe.org/aba-therapy/brightbloom-centers-middletown-delaware-19709/
BrightBloom Centers,www.brightbloom.com,"Wilmington, Delaware",https://www.bhcoe.org/aba-therapy/brightbloom-centers-wilmington-delaware-19809/
BrightBloom Centers,www.brightbloom.com,"Swedesboro, New Jersey",https://www.bhcoe.org/aba-therapy/brightbloom-centers-swedesboro-new-jersey-80875/
Building Blocs,www.blocsaustin.com,"AUSTIN, Texas",https://www.bhcoe.org/aba-therapy/building-blocs-austin-texas-78759/
BX-OP,www.bx-op.com,"Anchorage, Alaska",https://www.bhcoe.org/aba-therapy/bx-op-anchorage-alaska-99523/
Cayman ABA,www.caymanaba.com,"George Town, Grand Cayman",https://www.bhcoe.org/aba-therapy/cayman-aba-george-town-grand-cayman/
Center for Applied Behavioral Instruction - Clinic,www.cabiautism.org,"Worcester, Massachusetts",https://www.bhcoe.org/aba-therapy/center-for-applied-behavioral-instruction-worcester-massachusetts-1607/
Center for Applied Behavioral Instruction - Massachusetts,www.cabiautism.org,"Worchester, Massachusetts",https://www.bhcoe.org/aba-therapy/center-for-applied-behavioral-instruction-worchester-massachusetts-1607/
Center for Applied Behavioral Instruction - School,www.cabiautism.org,"Worcester, Massachusetts",https://www.bhcoe.org/aba-therapy/center-for-applied-behavioral-instruction-worcester-massachusetts-1607-2/
Center for Social Dynamics - California,www.csdautismservices.com,"Santa Ana, California",https://www.bhcoe.org/aba-therapy/center-for-social-dynamics-santa-ana-california-92705/
Center for Social Dynamics - Hawaii,www.csdautismservices.com,"Honolulu, Hawaii",https://www.bhcoe.org/aba-therapy/center-for-social-dynamics-honolulu-hawaii-96813/
Center for Social Dynamics - Juvo - California,www.csdautismservices.com,"Oakland, California",https://www.bhcoe.org/aba-therapy/center-for-social-dynamics-oakland-california-94606/
Center for Social Dynamics - Oregon,www.csdautismservices.com,"Portland, Oregon",https://www.bhcoe.org/aba-therapy/center-for-social-dynamics-portland-oregon-97223/
Center for Social Dynamics - Rocky Mountain ABA - Colorado,www.csdautismservices.com,"Greewood Village, Colorado",https://www.bhcoe.org/aba-therapy/center-for-social-dynamics-greewood-village-colorado-80111/
